Z,RC20,RC40,RC60,RC80,RC100,RC120,A20,A40,A60,A80,A100,A120
517.5,-59.19912026,-26.01991133,0,19.36621503,32.23566992,39.21025732,5.47524E-07,2.40654E-07,0,1.79115E-07,2.98143E-07,3.6265E-07
525,-59.50722618,-26.32143787,0,19.52960998,33.6523106,41.70979291,5.775E-07,2.55442E-07,0,1.89529E-07,3.26586E-07,4.04781E-07
532.5,-59.7243844,-26.53390622,0,20.18323203,34.64983744,43.46945226,6.00309E-07,2.66701E-07,0,2.02868E-07,3.48277E-07,4.36925E-07
540,-59.90826744,-26.71379583,0,20.4219312,35.49411428,44.95861152,6.20863E-07,2.7685E-07,0,2.11644E-07,3.67845E-07,4.65931E-07
547.5,-60.08187435,-26.88363094,0,20.63793645,36.29118176,46.36449015,6.41469E-07,2.87025E-07,0,2.20342E-07,3.87466E-07,4.95014E-07
555,-60.26513323,-27.06293052,0,21.12965576,37.13296241,47.84939814,6.64695E-07,2.98491E-07,0,2.3305E-07,4.09558E-07,5.27755E-07
562.5,-60.4569907,-27.25066363,0,21.82515533,38.01461156,49.40478697,6.90794E-07,3.11372E-07,0,2.49379E-07,4.34363E-07,5.6451E-07
570,-60.64257551,-27.43226345,0,22.31421804,38.86751733,50.90950074,7.17909E-07,3.24753E-07,0,2.64164E-07,4.60128E-07,6.02685E-07
577.5,-60.86368507,-27.64867461,0,22.19375282,39.88457436,52.70417752,7.53115E-07,3.42119E-07,0,2.74621E-07,4.93523E-07,6.5215E-07
585,-61.09189928,-27.8720588,0,22.63764677,40.93465911,54.55727688,7.93054E-07,3.61816E-07,0,2.93867E-07,5.31386E-07,7.08226E-07
592.5,-61.34485246,-28.11969257,0,23.50942214,42.09919005,56.61259281,8.42372E-07,3.86132E-07,0,3.22825E-07,5.78095E-07,7.7739E-07
600,-61.59734828,-28.36689317,0,24.05520217,43.26187776,58.66476311,8.97729E-07,4.13424E-07,0,3.50584E-07,6.30505E-07,8.54989E-07
607.5,-61.86769059,-28.6315936,0,24.08492125,44.50724069,60.86306021,9.65273E-07,4.46716E-07,0,3.75778E-07,6.94412E-07,9.49599E-07
615,-62.13670144,-28.89500553,0,24.89422326,45.74674286,63.05112376,1.04279E-06,4.84922E-07,0,4.1778E-07,7.67731E-07,1.05814E-06
622.5,-62.40590944,-29.15862659,0,25.11647722,46.98744292,65.24142052,1.13323E-06,5.29494E-07,0,4.56092E-07,8.53249E-07,1.18472E-06
630,-62.66479265,-29.41214706,0,25.783748,48.18073783,67.34810291,1.23552E-06,5.79901E-07,0,5.08362E-07,9.4995E-07,1.32786E-06
637.5,-62.91393848,-29.65614162,0,26.18513962,49.32932487,69.37592852,1.35216E-06,6.37377E-07,0,5.62777E-07,1.0602E-06,1.49104E-06
645,-63.14523146,-29.88265698,0,26.5441804,50.39569032,71.258626,1.48102E-06,7.00876E-07,0,6.22574E-07,1.18199E-06,1.67132E-06
652.5,-63.35522344,-30.08831251,0,27.00546599,51.36386978,72.96798238,1.62023E-06,7.6947E-07,0,6.9063E-07,1.31356E-06,1.86606E-06
660,-63.54415479,-30.27334172,0,27.31799208,52.23493789,74.50588128,1.7688E-06,8.42683E-07,0,7.60419E-07,1.454E-06,2.07393E-06
667.5,-63.71071651,-30.43645978,0,27.73699689,53.00280742,75.86155419,1.92324E-06,9.18786E-07,0,8.37297E-07,1.6E-06,2.29003E-06
675,-63.8577277,-30.58042734,0,28.04014064,53.68047231,77.05794086,2.08271E-06,9.97374E-07,0,9.14523E-07,1.75078E-06,2.51323E-06
682.5,-63.98409199,-30.70416795,0,28.34988539,54.26282843,78.0860096,2.24131E-06,1.07554E-06,0,9.93075E-07,1.90079E-06,2.73529E-06
690,-64.09399152,-30.81177859,0,28.44835854,54.76917924,78.97985012,2.39913E-06,1.15333E-06,0,1.06486E-06,2.05009E-06,2.95633E-06
697.5,-64.18739512,-30.90322703,0,28.65128939,55.1993507,79.73914273,2.55051E-06,1.22795E-06,0,1.13847E-06,2.19336E-06,3.16846E-06
705,-64.26756328,-30.98170757,0,28.76261886,55.56839571,80.39047212,2.69523E-06,1.2993E-06,0,1.20624E-06,2.33041E-06,3.37139E-06
712.5,-64.33611194,-31.04880287,0,28.88772578,55.88376641,80.94699597,2.83126E-06,1.36637E-06,0,1.27127E-06,2.45929E-06,3.56226E-06
720,-64.39684001,-31.10823579,0,29.02917675,56.16302084,81.43973116,2.96258E-06,1.43114E-06,0,1.33549E-06,2.58379E-06,3.74664E-06
727.5,-64.45024093,-31.16048927,0,29.10029074,56.40842819,81.87268162,3.08721E-06,1.49261E-06,0,1.39393E-06,2.70201E-06,3.92176E-06
735,-64.4974494,-31.20667497,0,29.27326913,56.62522733,82.25509973,3.20508E-06,1.55076E-06,0,1.45468E-06,2.81389E-06,4.08752E-06
742.5,-64.5385401,-31.24686548,0,29.32617697,56.81375248,82.58757137,3.31361E-06,1.60431E-06,0,1.5057E-06,2.91699E-06,4.2403E-06
750,-64.57458457,-31.28211075,0,29.39980382,56.97895402,82.87884076,3.41338E-06,1.65355E-06,0,1.55406E-06,3.01188E-06,4.38093E-06
757.5,-64.60661025,-31.3134177,0,29.44889161,57.1255812,83.13729774,3.50561E-06,1.69909E-06,0,1.59792E-06,3.09968E-06,4.5111E-06
765,-64.63393596,-31.34011796,0,29.48043937,57.25047101,83.3573488,3.5861E-06,1.73885E-06,0,1.63567E-06,3.17644E-06,4.62494E-06
772.5,-64.65787062,-31.36349459,0,29.5370629,57.35967916,83.54969398,3.65774E-06,1.77425E-06,0,1.67093E-06,3.24488E-06,4.72646E-06
780,-64.679465,-31.38457768,0,29.52350097,57.4580686,83.72292644,3.72326E-06,1.80665E-06,0,1.69952E-06,3.30756E-06,4.8195E-06
787.5,-64.69889809,-31.40354253,0,29.58414878,57.54646453,83.87850311,3.78255E-06,1.83597E-06,0,1.72961E-06,3.36439E-06,4.90387E-06
795,-64.71688359,-31.42108886,0,29.642203,57.62817144,84.02226385,3.83782E-06,1.86332E-06,0,1.75783E-06,3.41745E-06,4.98266E-06
802.5,-64.73388011,-31.43766636,0,29.64866116,57.70531308,84.15796196,3.89056E-06,1.88943E-06,0,1.78191E-06,3.46814E-06,5.05797E-06
810,-64.75015185,-31.45353403,0,29.70890121,57.77911269,84.28775925,3.94165E-06,1.91473E-06,0,1.80852E-06,3.51729E-06,5.131E-06
817.5,-64.76664704,-31.46962193,0,29.69030534,57.85396716,84.41942875,3.99516E-06,1.94122E-06,0,1.83146E-06,3.56875E-06,5.20745E-06
825,-64.78251596,-31.48509655,0,29.33203365,57.92593488,84.54600169,4.04728E-06,1.96703E-06,0,1.83251E-06,3.61891E-06,5.282E-06
832.5,-64.79802282,-31.50021701,0,30.25690637,57.99624065,84.66964317,4.0991E-06,1.99269E-06,0,1.91404E-06,3.66882E-06,5.35617E-06
840,-64.81358239,-31.51539018,0,29.85915546,58.06680865,84.79375525,4.15257E-06,2.01917E-06,0,1.91306E-06,3.72031E-06,5.43269E-06
847.5,-64.82931985,-31.53073887,0,29.39988779,58.13822002,84.9193656,4.2084E-06,2.04682E-06,0,1.9085E-06,3.77405E-06,5.51254E-06
855,-64.84491427,-31.54594824,0,30.14428838,58.20898513,85.04384015,4.26505E-06,2.07488E-06,0,1.98268E-06,3.82859E-06,5.5936E-06
862.5,-64.86007223,-31.56073036,0,29.69121776,58.27774118,85.16476875,4.32096E-06,2.10257E-06,0,1.97802E-06,3.88245E-06,5.67366E-06
870,-64.87453445,-31.57483077,0,30.50334102,58.34328319,85.28002009,4.37457E-06,2.12913E-06,0,2.05688E-06,3.93416E-06,5.75054E-06
877.5,-64.88803568,-31.58798911,0,30.24145076,58.40437769,85.3874121,4.42413E-06,2.1537E-06,0,2.06189E-06,3.98207E-06,5.8218E-06
885,-64.90031952,-31.59995369,0,30.15393544,58.45983173,85.48483418,4.46784E-06,2.17539E-06,0,2.07584E-06,4.02447E-06,5.88491E-06
892.5,-64.91170342,-31.61103591,0,30.19359465,58.51111829,85.57489075,4.50715E-06,2.19491E-06,0,2.09649E-06,4.06272E-06,5.9419E-06
900,-64.92272441,-31.62176275,0,30.27371452,58.56073195,85.66199366,4.54501E-06,2.21373E-06,0,2.11936E-06,4.09963E-06,5.99689E-06
907.5,-64.93311614,-31.63187276,0,30.44205511,58.60743376,85.74395102,4.57969E-06,2.23098E-06,0,2.14706E-06,4.13355E-06,6.04747E-06
915,-64.9431309,-31.64161351,0,29.53148292,58.65239582,85.82283584,4.6126E-06,2.24735E-06,0,2.09748E-06,4.1658E-06,6.09558E-06
922.5,-64.95254581,-31.65076618,0,29.84304638,58.69458084,85.89681279,4.64222E-06,2.26211E-06,0,2.13291E-06,4.19495E-06,6.13912E-06
930,-64.9615025,-31.65946974,0,30.2204871,58.73464658,85.96704514,4.66931E-06,2.27562E-06,0,2.17219E-06,4.22173E-06,6.17915E-06
937.5,-64.96988866,-31.6676139,0,29.57882744,58.77206973,86.03260668,4.69304E-06,2.28748E-06,0,2.1366E-06,4.24534E-06,6.21448E-06
945,-64.97761667,-31.67511258,0,30.15637268,58.80644154,86.09277383,4.71271E-06,2.29734E-06,0,2.18719E-06,4.26512E-06,6.24415E-06
952.5,-64.98498465,-31.68225841,0,29.69039481,58.83914849,86.14999931,4.73017E-06,2.30611E-06,0,2.16113E-06,4.28283E-06,6.27075E-06
960,-64.99231177,-31.68936474,0,30.32620314,58.87167586,86.20691108,4.74752E-06,2.31483E-06,0,2.21525E-06,4.30043E-06,6.2972E-06
967.5,-64.99941757,-31.69625437,0,29.90256807,58.90318324,86.26202195,4.76353E-06,2.32288E-06,0,2.19143E-06,4.31676E-06,6.32177E-06
975,-65.00624201,-31.70286831,0,30.61829929,58.93339066,86.3148363,4.77774E-06,2.33005E-06,0,2.25034E-06,4.3314E-06,6.34385E-06
982.5,-65.01291995,-31.70933898,0,30.26881085,58.96292589,86.36646493,4.79105E-06,2.33678E-06,0,2.23062E-06,4.3452E-06,6.36467E-06
990,-65.01932011,-31.71553743,0,29.97031832,58.99117695,86.41582464,4.80252E-06,2.34261E-06,0,2.2137E-06,4.35727E-06,6.38293E-06
997.5,-65.02574135,-31.72175717,0,30.74778938,59.01953617,86.46537954,4.81422E-06,2.34854E-06,0,2.27643E-06,4.36955E-06,6.40152E-06
1005,-65.03205939,-31.72787612,0,30.46095229,59.0474243,86.51410437,4.82528E-06,2.35416E-06,0,2.26016E-06,4.38123E-06,6.41921E-06
1012.5,-65.03862611,-31.7342399,0,30.12629729,59.07648171,86.56490263,4.83818E-06,2.36069E-06,0,2.24107E-06,4.39466E-06,6.4395E-06
1020,-65.04540911,-31.7408167,0,29.74975291,59.10655767,86.61750768,4.85272E-06,2.36803E-06,0,2.21948E-06,4.40965E-06,6.46211E-06
1027.5,-65.05227768,-31.74747815,0,30.42524764,59.13704303,86.67084135,4.868E-06,2.37573E-06,0,2.27679E-06,4.42535E-06,6.48576E-06
1035,-65.05935668,-31.75434693,0,29.987024,59.16852041,86.72593512,4.88494E-06,2.38426E-06,0,2.25156E-06,4.44263E-06,6.51177E-06
1042.5,-65.06652744,-31.76130646,0,30.59201387,59.20043647,86.78180955,4.90271E-06,2.39319E-06,0,2.30508E-06,4.4607E-06,6.53894E-06
1050,-65.07380663,-31.76837312,0,30.10956567,59.23286915,86.83860267,4.92144E-06,2.4026E-06,0,2.27714E-06,4.4797E-06,6.56748E-06
1057.5,-65.08132559,-31.77567598,0,30.63265794,59.26643174,86.89740047,4.94215E-06,2.41299E-06,0,2.32619E-06,4.50058E-06,6.59883E-06
1065,-65.08911395,-31.78324419,0,30.04361137,59.30126309,86.95844895,4.96513E-06,2.42449E-06,0,2.29179E-06,4.52362E-06,6.63337E-06
1072.5,-65.09715663,-31.79106292,0,30.44656355,59.33729313,87.02162428,4.99033E-06,2.43709E-06,0,2.33403E-06,4.54878E-06,6.67106E-06
1080,-65.10545415,-31.79913275,0,30.78650514,59.37452491,87.086932,5.01782E-06,2.45083E-06,0,2.37278E-06,4.57612E-06,6.71198E-06
1087.5,-65.11398711,-31.80743461,0,30.03403461,59.41286814,87.15421245,5.04752E-06,2.46565E-06,0,2.32818E-06,4.60558E-06,6.75603E-06
1095,-65.12274144,-31.81595471,0,30.26106505,59.45225756,87.22335022,5.07939E-06,2.48156E-06,0,2.36028E-06,4.63711E-06,6.80318E-06
1102.5,-65.13170239,-31.82467858,0,30.43150229,59.49262465,87.29422412,5.1134E-06,2.49851E-06,0,2.38914E-06,4.67069E-06,6.85335E-06
1110,-65.14081425,-31.83355146,0,30.55591932,59.53370929,87.3663736,5.14916E-06,2.51633E-06,0,2.41534E-06,4.70594E-06,6.90601E-06
1117.5,-65.15005955,-31.84255621,0,30.63726387,59.57543014,87.43965471,5.18658E-06,2.53498E-06,0,2.43902E-06,4.74279E-06,6.96105E-06
1125,-65.15938657,-31.851642,0,30.68593522,59.61754554,87.51363946,5.22528E-06,2.55426E-06,0,2.46077E-06,4.78087E-06,7.01792E-06
1132.5,-65.16873831,-31.86075279,0,30.71399445,59.65978904,87.58785597,5.26479E-06,2.57394E-06,0,2.48129E-06,4.81974E-06,7.07597E-06
1140,-65.17804274,-31.86981778,0,30.73730696,59.70182365,87.66170728,5.30449E-06,2.59371E-06,0,2.50154E-06,4.85881E-06,7.13431E-06
1147.5,-65.18725835,-31.87879617,0,30.76541815,59.74345517,87.73484931,5.34398E-06,2.61339E-06,0,2.52211E-06,4.8977E-06,7.1924E-06
1155,-65.19634846,-31.88765186,0,30.80725736,59.78451171,87.80697746,5.38289E-06,2.63278E-06,0,2.54358E-06,4.93606E-06,7.24972E-06
1162.5,-65.20526722,-31.89633977,0,30.87402375,59.82477842,87.87771101,5.42073E-06,2.65165E-06,0,2.56666E-06,4.97344E-06,7.30557E-06
1170,-65.21400064,-31.90484613,0,30.97004815,59.86418954,87.94693335,5.45732E-06,2.6699E-06,0,2.59167E-06,5.00963E-06,7.35969E-06
1177.5,-65.22252859,-31.91315112,0,30.1511854,59.90265053,88.01447681,5.49237E-06,2.6874E-06,0,2.53902E-06,5.04439E-06,7.41168E-06
1185,-65.23086085,-31.92126434,0,30.32197428,59.94020685,88.08042185,5.52592E-06,2.70415E-06,0,2.56867E-06,5.07773E-06,7.46158E-06
1192.5,-65.23898498,-31.92917355,0,30.53066298,59.97679996,88.14466458,5.55776E-06,2.72007E-06,0,2.60093E-06,5.10947E-06,7.50911E-06
1200,-65.24690757,-31.93688521,0,30.77685992,60.01246038,88.20725897,5.58788E-06,2.73514E-06,0,2.63579E-06,5.13959E-06,7.55425E-06
1207.5,-65.25466761,-31.94443765,0,31.05238775,60.0473706,88.26852832,5.61663E-06,2.74954E-06,0,2.67276E-06,5.16842E-06,7.59749E-06
1215,-65.26225822,-31.95182409,0,30.43481327,60.08149814,88.32841498,5.64388E-06,2.76319E-06,0,2.632E-06,5.19585E-06,7.63864E-06
1222.5,-65.2697178,-31.9590823,0,30.76996142,60.11502285,88.38723762,5.66999E-06,2.77629E-06,0,2.67299E-06,5.2222E-06,7.67821E-06
1230,-65.27706015,-31.96622583,0,31.12579313,60.14800922,88.44511047,5.69506E-06,2.78888E-06,0,2.71555E-06,5.24758E-06,7.71635E-06
1237.5,-65.28430279,-31.97327193,0,30.58536722,60.18053935,88.50217901,5.71927E-06,2.80104E-06,0,2.67945E-06,5.27215E-06,7.75328E-06
1245,-65.29147461,-31.980249,0,30.97202138,60.21274866,88.55868327,5.74289E-06,2.81291E-06,0,2.72423E-06,5.29618E-06,7.78942E-06
1252.5,-65.29858371,-31.98716501,0,30.46113045,60.24467511,88.61469048,5.76601E-06,2.82454E-06,0,2.68978E-06,5.31974E-06,7.82487E-06
1260,-65.30565081,-31.99404035,0,30.86319115,60.2764159,88.67037298,5.78884E-06,2.83602E-06,0,2.73578E-06,5.34303E-06,7.85994E-06
1267.5,-65.31268492,-32.00088388,0,30.36755744,60.30801329,88.72580567,5.81147E-06,2.84741E-06,0,2.70208E-06,5.36616E-06,7.89475E-06
1275,-65.31969783,-32.00770721,0,30.77282745,60.33952265,88.7810867,5.83404E-06,2.85877E-06,0,2.74848E-06,5.38924E-06,7.9295E-06
1282.5,-65.32667945,-32.0145004,0,31.17939086,60.37089658,88.83613205,5.85642E-06,2.87004E-06,0,2.79518E-06,5.41214E-06,7.964E-06
1290,-65.33365071,-32.02128405,0,30.69270953,60.4022334,88.89111604,5.87886E-06,2.88134E-06,0,2.76179E-06,5.43512E-06,7.99861E-06
1297.5,-65.3406027,-32.02804939,0,31.09673606,60.43349122,88.94596441,5.90124E-06,2.89261E-06,0,2.8085E-06,5.45805E-06,8.03315E-06
1305,-65.34754572,-32.03480655,0,30.61393823,60.46471847,89.00076304,5.92368E-06,2.90392E-06,0,2.77512E-06,5.48106E-06,8.06781E-06
1312.5,-65.35450206,-32.0415775,0,31.00654738,60.49602002,89.05569795,5.94646E-06,2.91539E-06,0,2.82122E-06,5.5044E-06,8.10298E-06
1320,-65.36145001,-32.04834084,0,30.51878076,60.5272938,89.1105881,5.96932E-06,2.92691E-06,0,2.78721E-06,5.52783E-06,8.13828E-06
1327.5,-65.36842079,-32.05512733,0,30.89720312,60.55868668,89.16569404,5.99265E-06,2.93865E-06,0,2.8325E-06,5.55172E-06,8.17426E-06
1335,-65.37541366,-32.06193624,0,31.26270971,60.59019529,89.22100981,6.01645E-06,2.95063E-06,0,2.87708E-06,5.57607E-06,8.21094E-06
1342.5,-65.3824363,-32.06877513,0,30.7470839,60.62185582,89.27659965,6.04082E-06,2.9629E-06,0,2.84079E-06,5.60098E-06,8.24845E-06
1350,-65.38950284,-32.07565792,0,31.08137104,60.65373486,89.33258171,6.06598E-06,2.97556E-06,0,2.88332E-06,5.62665E-06,8.2871E-06
1357.5,-65.39661761,-32.08258888,0,30.53604231,60.6858529,89.38899241,6.09198E-06,2.98863E-06,0,2.84457E-06,5.65315E-06,8.32697E-06
1365,-65.4038022,-32.08958927,0,30.82574777,60.71831177,89.44601247,6.11915E-06,3.00229E-06,0,2.88404E-06,5.68078E-06,8.36853E-06
1372.5,-65.41105737,-32.09665987,0,31.08752711,60.7511152,89.50364857,6.14753E-06,3.01654E-06,0,2.9217E-06,5.70957E-06,8.41182E-06
1380,-65.41838001,-32.1037976,0,31.3218245,60.78424863,89.56187493,6.1771E-06,3.03139E-06,0,2.95755E-06,5.73952E-06,8.45684E-06
1387.5,-65.42577058,-32.11100294,0,30.68497969,60.81771446,89.6206959,6.2079E-06,3.04684E-06,0,2.91153E-06,5.77067E-06,8.50363E-06
1395,-65.43322675,-32.11827358,0,30.86781473,60.85150176,89.6800921,6.23994E-06,3.06291E-06,0,2.94366E-06,5.80301E-06,8.5522E-06
1402.5,-65.44072158,-32.12558301,0,31.03082301,60.88548368,89.7398385,6.27284E-06,3.07941E-06,0,2.97447E-06,5.8362E-06,8.60204E-06
1410,-65.44825662,-32.13293275,0,31.17337144,60.91966764,89.7999483,6.30666E-06,3.09636E-06,0,3.0039E-06,5.87028E-06,8.65321E-06
1417.5,-65.45582861,-32.1403196,0,31.29619958,60.95403837,89.86039444,6.34137E-06,3.11376E-06,0,3.03198E-06,5.90524E-06,8.70569E-06
1425,-65.4634143,-32.14772065,0,31.40647963,60.98848624,89.92098238,6.37664E-06,3.13143E-06,0,3.05923E-06,5.94075E-06,8.75899E-06
1432.5,-65.47101737,-32.15513954,0,30.68615033,61.0230287,89.98174312,6.41253E-06,3.14942E-06,0,3.00554E-06,5.97687E-06,8.81322E-06
1440,-65.47860283,-32.16254178,0,30.78447311,61.05750058,90.0423835,6.44851E-06,3.16745E-06,0,3.03174E-06,6.0131E-06,8.86761E-06
1447.5,-65.48616781,-32.16992454,0,30.88129861,61.09188841,90.10287958,6.48451E-06,3.1855E-06,0,3.0579E-06,6.04938E-06,8.92208E-06
1455,-65.49370797,-32.17728357,0,30.97817446,61.12617172,90.16319506,6.52046E-06,3.20352E-06,0,3.08414E-06,6.08563E-06,8.97652E-06
1462.5,-65.5012005,-32.18459636,0,31.08295276,61.1602427,90.22313851,6.55597E-06,3.22133E-06,0,3.11107E-06,6.12149E-06,9.03037E-06
1470,-65.5086649,-32.19188213,0,31.18944728,61.19419351,90.28287357,6.59134E-06,3.23908E-06,0,3.13822E-06,6.15723E-06,9.08407E-06
1477.5,-65.5160927,-32.19913255,0,31.30081853,61.22798412,90.34232917,6.62641E-06,3.25668E-06,0,3.16582E-06,6.19271E-06,9.13739E-06
1485,-65.52347453,-32.20633837,0,31.42062427,61.26157026,90.40142671,6.66101E-06,3.27404E-06,0,3.19417E-06,6.22775E-06,9.19006E-06
1492.5,-65.53081217,-32.21350135,0,30.7655525,61.29496029,90.460181,6.69512E-06,3.29118E-06,0,3.14324E-06,6.26236E-06,9.2421E-06
1500,-65.53811129,-32.22062708,0,30.90396348,61.32818106,90.51863975,6.72884E-06,3.30811E-06,0,3.17293E-06,6.29661E-06,9.29361E-06
1507.5,-65.54536531,-32.22770906,0,31.05148762,61.36120143,90.57674764,6.76202E-06,3.32479E-06,0,3.20344E-06,6.33036E-06,9.3444E-06
1515,-65.55258916,-32.23476203,0,31.20328913,61.39409203,90.63463014,6.79492E-06,3.34132E-06,0,3.23441E-06,6.36386E-06,9.39482E-06
1522.5,-65.55978459,-32.2417877,0,31.35895295,61.42686119,90.69230206,6.82754E-06,3.35773E-06,0,3.26579E-06,6.39712E-06,9.44489E-06
1530,-65.5669503,-32.24878479,0,31.51924704,61.45950269,90.74975234,6.85984E-06,3.37398E-06,0,3.29765E-06,6.43011E-06,9.49455E-06
1537.5,-65.57409836,-32.25576522,0,30.91891964,61.49207382,90.80708278,6.89205E-06,3.39018E-06,0,3.24968E-06,6.46301E-06,9.54412E-06
1545,-65.58123172,-32.26273188,0,31.08276564,61.52458851,90.86431813,6.92421E-06,3.40637E-06,0,3.28179E-06,6.4959E-06,9.59365E-06
1552.5,-65.58835108,-32.26968548,0,31.24611648,61.55705015,90.92146446,6.95632E-06,3.42253E-06,0,3.31397E-06,6.52876E-06,9.64316E-06
1560,-65.59546479,-32.27663425,0,31.40591907,61.58949834,90.97859212,6.98855E-06,3.43876E-06,0,3.34599E-06,6.56175E-06,9.69287E-06
1567.5,-65.60256509,-32.28357055,0,31.56529213,61.62189635,91.0356359,7.02073E-06,3.45496E-06,0,3.37809E-06,6.59472E-06,9.74255E-06
1575,-65.60965902,-32.2905013,0,30.9775315,61.65427758,91.09265515,7.053E-06,3.47121E-06,0,3.33006E-06,6.6278E-06,9.7924E-06
1582.5,-65.61674615,-32.2974261,0,31.13454224,61.68664008,91.14964642,7.08534E-06,3.4875E-06,0,3.36193E-06,6.66097E-06,9.8424E-06
1590,-65.62382706,-32.30434552,0,31.2887798,61.71898662,91.20661469,7.11777E-06,3.50383E-06,0,3.39368E-06,6.69424E-06,9.89256E-06
1597.5,-65.63090258,-32.31126038,0,31.43994768,61.75132122,91.2635671,7.1503E-06,3.52022E-06,0,3.42529E-06,6.72763E-06,9.9429E-06
1605,-65.63796852,-32.31816654,0,31.58993534,61.78362402,91.32046842,7.18282E-06,3.5366E-06,0,3.45691E-06,6.76104E-06,9.99328E-06
1612.5,-65.6450228,-32.32506197,0,31.01180572,61.81588521,91.37730118,7.21529E-06,3.55297E-06,0,3.40862E-06,6.79442E-06,1.00436E-05
1620,-65.65205421,-32.3319356,0,31.16921905,61.84805161,91.43397091,7.24745E-06,3.56918E-06,0,3.44082E-06,6.82751E-06,1.00936E-05
1627.5,-65.65906934,-32.33879392,0,31.3286764,61.88015452,91.49053324,7.27942E-06,3.5853E-06,0,3.47331E-06,6.86046E-06,1.01433E-05
1635,-65.66606603,-32.34563482,0,31.49119969,61.91218375,91.5469701,7.31114E-06,3.60131E-06,0,3.50618E-06,6.89319E-06,1.01927E-05
1642.5,-65.67303349,-32.35244764,0,31.6616628,61.94408804,91.60319038,7.34236E-06,3.61706E-06,0,3.53983E-06,6.92546E-06,1.02414E-05
1650,-65.67997005,-32.35923074,0,31.12833114,61.97585953,91.65918008,7.373E-06,3.63253E-06,0,3.49436E-06,6.95719E-06,1.02893E-05
1657.5,-65.68687398,-32.3659824,0,31.32044997,62.00748994,91.7149245,7.403E-06,3.64769E-06,0,3.52986E-06,6.98833E-06,1.03364E-05
1665,-65.69373236,-32.37268988,0,31.52842317,62.03891791,91.77031458,7.43203E-06,3.66237E-06,0,3.56686E-06,7.01855E-06,1.03821E-05
1672.5,-65.70054175,-32.37934977,0,31.75412853,62.07012703,91.82532108,7.45996E-06,3.67651E-06,0,3.60552E-06,7.04774E-06,1.04263E-05
1680,-65.7073054,-32.38596528,0,31.29450105,62.10113276,91.87997155,7.48684E-06,3.69013E-06,0,3.56577E-06,7.07595E-06,1.0469E-05
1687.5,-65.71401999,-32.39253315,0,31.55794346,62.13191939,91.93423803,7.51257E-06,3.70319E-06,0,3.60778E-06,7.10306E-06,1.05101E-05
1695,-65.72067816,-32.39904608,0,31.84370568,62.16245178,91.98805802,7.53693E-06,3.71556E-06,0,3.65188E-06,7.12887E-06,1.05493E-05
1702.5,-65.72728659,-32.40551069,0,31.45369159,62.19276175,92.04148813,7.56005E-06,3.72733E-06,0,3.61785E-06,7.1535E-06,1.05867E-05
1710,-65.73383477,-32.4119166,0,31.78612296,62.22279929,92.09443939,7.58164E-06,3.73834E-06,0,3.66616E-06,7.17668E-06,1.0622E-05
1717.5,-65.74034378,-32.41828462,0,31.44228761,62.25266476,92.14709034,7.60222E-06,3.74885E-06,0,3.63599E-06,7.1989E-06,1.06559E-05
1725,-65.74680715,-32.42460836,0,31.81083985,62.28232733,92.19938614,7.62161E-06,3.75878E-06,0,3.68763E-06,7.22E-06,1.06881E-05
1732.5,-65.75322577,-32.4308887,0,31.50964143,62.3117913,92.25133445,7.63981E-06,3.76812E-06,0,3.66108E-06,7.23996E-06,1.07186E-05
1740,-65.75961959,-32.43714535,0,31.90795201,62.34115171,92.30310438,7.65737E-06,3.77714E-06,0,3.71552E-06,7.25931E-06,1.07482E-05
1747.5,-65.76598327,-32.44337303,0,31.63291083,62.37038316,92.35465075,7.67411E-06,3.78576E-06,0,3.69119E-06,7.27788E-06,1.07767E-05
1755,-65.77233181,-32.44958658,0,31.36579207,62.39955724,92.40610096,7.69046E-06,3.79418E-06,0,3.66746E-06,7.29609E-06,1.08046E-05
1762.5,-65.7786699,-32.45579061,0,31.78707996,62.42869629,92.4574948,7.70654E-06,3.80248E-06,0,3.72413E-06,7.31406E-06,1.08322E-05
1770,-65.78500274,-32.46199028,0,31.52726809,62.45782524,92.50887662,7.72251E-06,3.81072E-06,0,3.70099E-06,7.33193E-06,1.08596E-05
1777.5,-65.79132555,-32.46818086,0,31.95306988,62.48692122,92.56020579,7.73822E-06,3.81883E-06,0,3.75824E-06,7.34956E-06,1.08867E-05
1785,-65.79765502,-32.47437884,0,31.69444209,62.51606403,92.61162433,7.75416E-06,3.82706E-06,0,3.73514E-06,7.36743E-06,1.09141E-05
1792.5,-65.80398601,-32.48057915,0,31.43554671,62.54522915,92.66308864,7.77018E-06,3.83533E-06,0,3.71193E-06,7.38538E-06,1.09417E-05
1800,-65.81032319,-32.48678642,0,31.85007955,62.57443894,92.71463854,7.78643E-06,3.84371E-06,0,3.76838E-06,7.40357E-06,1.09696E-05
1807.5,-65.81667344,-32.49300742,0,31.58086931,62.60372629,92.76633261,7.80311E-06,3.85231E-06,0,3.74417E-06,7.42219E-06,1.09982E-05
1815,-65.8230207,-32.49922632,0,31.98722066,62.63301457,92.81803445,7.81973E-06,3.86089E-06,0,3.80006E-06,7.44076E-06,1.10267E-05
1822.5,-65.82938268,-32.50546059,0,31.71162582,62.66238837,92.86989471,7.83685E-06,3.86971E-06,0,3.7752E-06,7.45983E-06,1.1056E-05
1830,-65.83574322,-32.51169427,0,31.43746489,62.69177056,92.92177604,7.85396E-06,3.87852E-06,0,3.75037E-06,7.47889E-06,1.10852E-05
1837.5,-65.84210081,-32.51792588,0,31.83482298,62.72115396,92.97366572,7.871E-06,3.88731E-06,0,3.80565E-06,7.49791E-06,1.11144E-05
1845,-65.84846641,-32.52416624,0,31.55795921,62.75059097,93.02565707,7.88832E-06,3.89624E-06,0,3.78049E-06,7.51721E-06,1.1144E-05
1852.5,-65.85483227,-32.5304077,0,31.94810941,62.78004462,93.07768427,7.90569E-06,3.90518E-06,0,3.83528E-06,7.53657E-06,1.11737E-05
1860,-65.86119242,-32.53664436,0,31.67448014,62.80948635,93.1296965,7.92288E-06,3.91405E-06,0,3.81033E-06,7.55577E-06,1.12032E-05
1867.5,-65.86754904,-32.54287837,0,32.06726246,62.83892665,93.18171243,7.93998E-06,3.92287E-06,0,3.86554E-06,7.5749E-06,1.12326E-05
1875,-65.87390451,-32.54911209,0,31.79647626,62.86837696,93.23375249,7.95706E-06,3.93168E-06,0,3.84077E-06,7.59402E-06,1.12619E-05
1882.5,-65.88024944,-32.55533623,0,31.53259085,62.89779231,93.28573658,7.97379E-06,3.94032E-06,0,3.81654E-06,7.61281E-06,1.12908E-05
1890,-65.88659236,-32.56155924,0,31.93028891,62.92721362,93.33773764,7.99047E-06,3.94894E-06,0,3.87238E-06,7.63157E-06,1.13196E-05
1897.5,-65.89292174,-32.56776968,0,31.67579132,62.95658562,93.38965718,8.00669E-06,3.95733E-06,0,3.84894E-06,7.64989E-06,1.13478E-05
1905,-65.89924662,-32.57397655,0,32.08177459,62.9859518,93.44157276,8.02276E-06,3.96565E-06,0,3.90572E-06,7.66808E-06,1.13758E-05
1912.5,-65.90556852,-32.58018131,0,31.83195591,63.01531939,93.49349725,8.03873E-06,3.97392E-06,0,3.88265E-06,7.6862E-06,1.14037E-05
1920,-65.91187301,-32.58636971,0,31.59335182,63.04461922,93.54530742,8.05408E-06,3.98188E-06,0,3.86054E-06,7.70371E-06,1.14307E-05
1927.5,-65.9181789,-32.59256035,0,32.00807033,63.07394159,93.59716424,8.06949E-06,3.98988E-06,0,3.91832E-06,7.72131E-06,1.14579E-05
1935,-65.9244793,-32.59874641,0,31.77219773,63.10325348,93.64900883,8.08471E-06,3.99778E-06,0,3.89641E-06,7.73872E-06,1.14847E-05
1942.5,-65.93077168,-32.60492541,0,32.19315549,63.13254279,93.70081969,8.09963E-06,4.00553E-06,0,3.95495E-06,7.75587E-06,1.15112E-05
1950,-65.93705296,-32.61109428,0,31.96945935,63.16179473,93.75257046,8.11413E-06,4.01308E-06,0,3.93412E-06,7.77261E-06,1.15371E-05
1957.5,-65.94332762,-32.61725745,0,31.75052441,63.19103084,93.80429957,8.12839E-06,4.02051E-06,0,3.91367E-06,7.78913E-06,1.15626E-05
1965,-65.94960399,-32.62342321,0,32.17896384,63.22029127,93.85607861,8.14273E-06,4.02798E-06,0,3.9731E-06,7.80574E-06,1.15883E-05
1972.5,-65.95587634,-32.62958584,0,31.96164004,63.2495484,93.90785834,8.15692E-06,4.03538E-06,0,3.95277E-06,7.82222E-06,1.16138E-05
1980,-65.96208292,-32.63568423,0,31.78807789,63.27850544,93.95910967,8.16843E-06,4.04145E-06,0,3.93648E-06,7.8361E-06,1.16354E-05
1987.5,-65.96826884,-32.64176303,0,32.27359731,63.30737928,94.01021927,8.1791E-06,4.0471E-06,0,4.00146E-06,7.84919E-06,1.16559E-05
1995,-65.97443663,-32.64782475,0,32.12523044,63.33618206,94.06120882,8.18905E-06,4.0524E-06,0,3.98753E-06,7.86158E-06,1.16753E-05
2002.5,-65.98057072,-32.65385398,0,31.99960027,63.36483896,94.11194493,8.19761E-06,4.05701E-06,0,3.97572E-06,7.87263E-06,1.16927E-05
2010,-65.98667237,-32.65985196,0,31.8957221,63.393356,94.16243832,8.20483E-06,4.06095E-06,0,3.96593E-06,7.88237E-06,1.17082E-05
2017.5,-65.99274287,-32.66581995,0,31.81272906,63.42173934,94.21269996,8.21075E-06,4.06425E-06,0,3.95811E-06,7.89087E-06,1.17218E-05
2025,-65.9987739,-32.67174974,0,31.75639941,63.44994893,94.26265846,8.21501E-06,4.06672E-06,0,3.95279E-06,7.89775E-06,1.17331E-05
2032.5,-66.00476462,-32.67764048,0,31.72718048,63.47798075,94.31230661,8.21758E-06,4.06836E-06,0,3.95003E-06,7.90299E-06,1.17419E-05
2040,-66.01070426,-32.68348148,0,32.37536001,63.50578276,94.36155159,8.21797E-06,4.06891E-06,0,4.03055E-06,7.90612E-06,1.17475E-05
2047.5,-66.01659301,-32.68927296,0,31.77282938,63.53335595,94.41039516,8.2162E-06,4.0684E-06,0,3.95434E-06,7.90715E-06,1.175E-05
2055,-66.02247511,-32.69505874,0,31.81522481,63.5609135,94.45921762,8.21429E-06,4.06781E-06,0,3.95834E-06,7.90803E-06,1.17523E-05
2062.5,-66.0283015,-32.70079018,0,31.89595015,63.58821875,94.50759673,8.20999E-06,4.06603E-06,0,3.96596E-06,7.90659E-06,1.17511E-05
2070,-66.03407432,-32.70646943,0,32.01320974,63.61528209,94.55555101,8.20341E-06,4.06312E-06,0,3.977E-06,7.90293E-06,1.17466E-05
2077.5,-66.03978719,-32.71209014,0,32.17175735,63.64207256,94.6030252,8.19428E-06,4.05895E-06,0,3.9919E-06,7.89677E-06,1.17384E-05
2085,-66.04543884,-32.71765107,0,32.37235644,63.66858399,94.65000825,8.18256E-06,4.05349E-06,0,4.01071E-06,7.88809E-06,1.17265E-05
2092.5,-66.05102527,-32.72314822,0,31.97106609,63.69479696,94.69646548,8.1681E-06,4.04666E-06,0,3.95365E-06,7.87672E-06,1.17105E-05
2100,-66.05655205,-32.72858713,0,32.25595002,63.72073827,94.74244469,8.15119E-06,4.03861E-06,0,3.98029E-06,7.86295E-06,1.16909E-05
2107.5,-66.06201792,-32.73396653,0,31.93215273,63.74640173,94.78793477,8.13181E-06,4.02934E-06,0,3.93064E-06,7.84677E-06,1.16678E-05
2115,-66.06741373,-32.73927736,0,32.30481645,63.77174302,94.83285657,8.10957E-06,4.01864E-06,0,3.96531E-06,7.82778E-06,1.16404E-05
2122.5,-66.07274509,-32.74452515,0,32.06723293,63.79678907,94.87725811,8.08479E-06,4.00668E-06,0,3.92381E-06,7.8063E-06,1.16094E-05
2130,-66.07801096,-32.74970887,0,31.86944402,63.82153475,94.92113021,8.05747E-06,3.99346E-06,0,3.88612E-06,7.78232E-06,1.15746E-05
2137.5,-66.08321314,-32.75483031,0,32.36778338,63.84598861,94.96448803,8.02777E-06,3.97905E-06,0,3.93203E-06,7.75599E-06,1.15363E-05
2145,-66.08834735,-32.75988519,0,32.25061302,63.87012976,95.00729424,7.99553E-06,3.96337E-06,0,3.90176E-06,7.72716E-06,1.14942E-05
2152.5,-66.0934212,-32.76488108,0,32.16716077,63.89399487,95.04961426,7.96119E-06,3.94665E-06,0,3.87465E-06,7.69626E-06,1.14491E-05
2160,-66.09844161,-32.7698248,0,32.11114237,63.91761722,95.09150741,7.92514E-06,3.92907E-06,0,3.8501E-06,7.66366E-06,1.14014E-05
2167.5,-66.10340846,-32.77471625,0,32.08223526,63.94099608,95.13297233,7.88743E-06,3.91067E-06,0,3.82804E-06,7.62941E-06,1.13512E-05
2175,-66.1083311,-32.77956468,0,32.07221292,63.96417652,95.17408944,7.84857E-06,3.89169E-06,0,3.80771E-06,7.59401E-06,1.12993E-05
2182.5,-66.11321318,-32.78437369,0,32.07778241,63.987176,95.21488984,7.80878E-06,3.87224E-06,0,3.78878E-06,7.55767E-06,1.1246E-05
2190,-66.11806408,-32.7891526,0,32.09092058,64.01003986,95.25545444,7.76853E-06,3.85256E-06,0,3.77052E-06,7.52085E-06,1.1192E-05
2197.5,-66.12288623,-32.79390379,0,32.10941581,64.03277959,95.29580371,7.72797E-06,3.83272E-06,0,3.75272E-06,7.48369E-06,1.11375E-05
2205,-66.12768513,-32.7986327,0,32.12865408,64.0554217,95.33598493,7.68737E-06,3.81285E-06,0,3.73497E-06,7.44646E-06,1.10828E-05
2212.5,-66.13246667,-32.8033452,0,32.1435856,64.07799461,95.37604881,7.64702E-06,3.79311E-06,0,3.71682E-06,7.40945E-06,1.10285E-05
2220,-66.13722177,-32.80803223,0,32.16204856,64.10045411,95.41591629,7.60646E-06,3.77326E-06,0,3.69897E-06,7.37221E-06,1.09738E-05
2227.5,-66.14195449,-32.81269785,0,32.18045635,64.1228198,95.45562234,7.56592E-06,3.75341E-06,0,3.68109E-06,7.33495E-06,1.09191E-05
2235,-66.14665081,-32.81732811,0,32.21087672,64.14502345,95.49504501,7.52469E-06,3.73322E-06,0,3.66423E-06,7.29699E-06,1.08633E-05
2242.5,-66.15130091,-32.82191326,0,32.26159631,64.16701728,95.53409886,7.48232E-06,3.71246E-06,0,3.64908E-06,7.25788E-06,1.08058E-05
2250,-66.15588959,-32.82643822,0,32.34537048,64.1887274,95.57265181,7.43811E-06,3.69078E-06,0,3.63669E-06,7.21694E-06,1.07455E-05
2257.5,-66.16040693,-32.83089312,0,32.47035485,64.21010543,95.6106173,7.39165E-06,3.66797E-06,0,3.62769E-06,7.17375E-06,1.06819E-05
2265,-66.16484178,-32.83526689,0,32.64554159,64.23109707,95.64789824,7.34247E-06,3.64381E-06,0,3.62276E-06,7.12788E-06,1.06143E-05
2272.5,-66.16917437,-32.83953988,0,32.16143203,64.25160603,95.68432247,7.28975E-06,3.61788E-06,0,3.54317E-06,7.07849E-06,1.05414E-05
2280,-66.17339632,-32.84370377,0,32.4709452,64.27159142,95.71981675,7.23321E-06,3.59005E-06,0,3.5493E-06,7.02533E-06,1.04628E-05
2287.5,-66.17748902,-32.84774007,0,32.13030685,64.29096248,95.75421881,7.17217E-06,3.55997E-06,0,3.48221E-06,6.96772E-06,1.03776E-05
2295,-66.18144114,-32.85163751,0,32.61765865,64.30966393,95.78742968,7.10632E-06,3.52749E-06,0,3.50237E-06,6.90534E-06,1.02853E-05
2302.5,-66.18523085,-32.85537439,0,32.46638393,64.32758925,95.81925882,7.0349E-06,3.49223E-06,0,3.45089E-06,6.83745E-06,1.01847E-05
2310,-66.18883915,-32.85893184,0,32.42760186,64.34464574,95.84954038,6.95738E-06,3.45394E-06,0,3.4086E-06,6.76353E-06,1.00751E-05
2317.5,-66.19225377,-32.86229765,0,32.50767676,64.36077332,95.87816675,6.8736E-06,3.41252E-06,0,3.3757E-06,6.68342E-06,9.95628E-06
2325,-66.19545209,-32.86544933,0,32.72199658,64.37586153,95.90494029,6.78304E-06,3.36772E-06,0,3.35302E-06,6.59658E-06,9.82736E-06
2332.5,-66.19841838,-32.86837123,0,32.28711154,64.38983332,95.92972303,6.68554E-06,3.31946E-06,0,3.26075E-06,6.50289E-06,9.68818E-06
2340,-66.20114586,-32.87105659,0,32.77502212,64.40265515,95.95245472,6.58147E-06,3.26792E-06,0,3.25837E-06,6.40267E-06,9.53924E-06
2347.5,-66.20362442,-32.87349533,0,32.58981036,64.41427722,95.97304611,6.47108E-06,3.21322E-06,0,3.18549E-06,6.29618E-06,9.38089E-06
2355,-66.20583854,-32.87567202,0,32.52754651,64.42462339,95.99136077,6.35444E-06,3.15541E-06,0,3.122E-06,6.18348E-06,9.21326E-06
2362.5,-66.20777174,-32.87757023,0,32.59237996,64.43361275,96.00725373,6.23168E-06,3.09454E-06,0,3.06769E-06,6.06469E-06,9.0365E-06
2370,-66.20941242,-32.87917843,0,32.78347869,64.44118814,96.0206225,6.10319E-06,3.03081E-06,0,3.02199E-06,5.9402E-06,8.85119E-06
2377.5,-66.21074411,-32.8804802,0,32.21620331,64.44726858,96.0313219,5.96925E-06,2.96435E-06,0,2.90446E-06,5.81027E-06,8.65774E-06
2385,-66.21175884,-32.88146759,0,32.63898271,64.45181447,96.03928079,5.83051E-06,2.8955E-06,0,2.87414E-06,5.67554E-06,8.45708E-06
2392.5,-66.21244457,-32.8821286,0,32.25025315,64.45476638,96.04439253,5.6875E-06,2.8245E-06,0,2.77022E-06,5.53652E-06,8.25E-06
2400,-66.2127933,-32.88245522,0,32.88193439,64.45608444,96.04658546,5.54091E-06,2.75171E-06,0,2.75167E-06,5.3939E-06,8.0375E-06
2407.5,-66.21279136,-32.88243384,0,32.64077762,64.45570116,96.04573848,5.39124E-06,2.67738E-06,0,2.65771E-06,5.24817E-06,7.82032E-06
2415,-66.21240789,-32.88203375,0,32.4626879,64.45346536,96.04158081,5.2385E-06,2.60152E-06,0,2.56834E-06,5.09934E-06,7.59849E-06
2422.5,-66.21163598,-32.88124803,0,32.33123728,64.44934231,96.03404993,5.08353E-06,2.52452E-06,0,2.4823E-06,4.94823E-06,7.37321E-06
2430,-66.21044711,-32.88004829,0,32.2452466,64.44319207,96.02289508,4.92653E-06,2.44651E-06,0,2.39928E-06,4.79504E-06,7.1448E-06
2437.5,-66.20883599,-32.87842923,0,32.18400626,64.43498786,96.00806793,4.76841E-06,2.36793E-06,0,2.31792E-06,4.64066E-06,6.91458E-06
2445,-66.20681039,-32.87639852,0,32.1165969,64.42476656,95.98963403,4.61034E-06,2.28936E-06,0,2.23645E-06,4.48625E-06,6.68428E-06
2452.5,-66.20436898,-32.87395478,0,32.01890573,64.41252061,95.96757939,4.45311E-06,2.2112E-06,0,2.15369E-06,4.33259E-06,6.45508E-06
2460,-66.20151896,-32.8711051,0,31.86047172,64.39828411,95.94196461,4.29761E-06,2.1339E-06,0,2.06829E-06,4.18055E-06,6.22827E-06
2467.5,-66.1982815,-32.86787048,0,32.87943332,64.3821594,95.91297232,4.14488E-06,2.05796E-06,0,2.05868E-06,4.03117E-06,6.00541E-06
2475,-66.19468455,-32.86427867,0,32.39316104,64.36428189,95.8808444,3.99589E-06,1.98387E-06,0,1.95543E-06,3.88539E-06,5.78791E-06
2482.5,-66.19074926,-32.8603506,0,32.40776049,64.34475383,95.8457634,3.85124E-06,1.91194E-06,0,1.88561E-06,3.74383E-06,5.57668E-06
2490,-66.18653264,-32.85614291,0,32.37297946,64.32385256,95.80822517,3.712E-06,1.8427E-06,0,1.8156E-06,3.60754E-06,5.3733E-06
2497.5,-66.18207738,-32.851698,0,32.41135027,64.3017858,95.76860108,3.57872E-06,1.77642E-06,0,1.75261E-06,3.47705E-06,5.17858E-06
2505,-66.17746125,-32.84709312,0,32.34405432,64.27893239,95.72756872,3.45228E-06,1.71354E-06,0,1.68729E-06,3.35324E-06,4.99383E-06
2512.5,-66.17277757,-32.84242101,0,32.28628971,64.25574742,95.68594221,3.33349E-06,1.65446E-06,0,1.62644E-06,3.23692E-06,4.82024E-06
2520,-66.16809874,-32.83775361,0,32.39316943,64.23258399,95.64435327,3.22261E-06,1.59931E-06,0,1.57766E-06,3.12835E-06,4.65821E-06
2527.5,-66.16352512,-32.8331907,0,32.32247436,64.20993206,95.60367856,3.12011E-06,1.54833E-06,0,1.52425E-06,3.02798E-06,4.50843E-06
2535,-66.15915646,-32.82883139,0,32.39445253,64.18827859,95.56478954,3.02626E-06,1.50166E-06,0,1.48179E-06,2.93611E-06,4.37133E-06
2542.5,-66.15502758,-32.82471035,0,32.28801862,64.16779392,95.52799114,2.94049E-06,1.45901E-06,0,1.43515E-06,2.85216E-06,4.24607E-06
2550,-66.15120102,-32.82088974,0,32.36753164,64.14878369,95.49383043,2.86259E-06,1.42027E-06,0,1.40065E-06,2.77594E-06,4.13235E-06
2557.5,-66.14772782,-32.81742032,0,32.28386308,64.13149756,95.4627544,2.79224E-06,1.3853E-06,0,1.36277E-06,2.70714E-06,4.0297E-06
2565,-66.14463375,-32.81432774,0,32.24459694,64.11606197,95.43498951,2.72892E-06,1.35382E-06,0,1.33031E-06,2.64523E-06,3.93735E-06
2572.5,-66.14195885,-32.81165183,0,32.2684162,64.102673,95.41088696,2.67231E-06,1.32568E-06,0,1.30373E-06,2.58992E-06,3.85486E-06
2580,-66.13970759,-32.80939707,0,32.3886915,64.0913531,95.39048715,2.62183E-06,1.30059E-06,0,1.28392E-06,2.54064E-06,3.78136E-06
2587.5,-66.13785552,-32.80753917,0,32.23810114,64.0819833,95.37357742,2.57673E-06,1.27818E-06,0,1.256E-06,2.49664E-06,3.71576E-06
2595,-66.13638807,-32.80606368,0,32.24907551,64.07449293,95.36003148,2.53645E-06,1.25817E-06,0,1.23681E-06,2.45738E-06,3.65724E-06
2602.5,-66.13530214,-32.80496753,0,32.23786039,64.06886735,95.34982336,2.50062E-06,1.24038E-06,0,1.21893E-06,2.42249E-06,3.60524E-06
2610,-66.13457626,-32.80422941,0,32.2289731,64.06500219,95.34276647,2.46875E-06,1.22456E-06,0,1.20308E-06,2.39149E-06,3.55907E-06
2617.5,-66.13426917,-32.80390776,0,32.20931878,64.06318515,95.33937608,2.44109E-06,1.21083E-06,0,1.18888E-06,2.36465E-06,3.51909E-06
2625,-66.13437854,-32.8040003,0,32.19197966,64.06340547,95.33963316,2.4174E-06,1.19908E-06,0,1.17671E-06,2.3417E-06,3.48494E-06
2632.5,-66.13493245,-32.80453496,0,32.39552248,64.06580104,95.34378486,2.39772E-06,1.18933E-06,0,1.1745E-06,2.32271E-06,3.45669E-06
2640,-66.13593148,-32.80551237,0,32.38853074,64.07037538,95.35183774,2.3819E-06,1.1815E-06,0,1.16648E-06,2.30751E-06,3.43412E-06
2647.5,-66.13732123,-32.80687845,0,32.19737475,64.07686299,95.36331675,2.36938E-06,1.17531E-06,0,1.15348E-06,2.29557E-06,3.41641E-06
2655,-66.13911499,-32.80864646,0,32.26663438,64.08532948,95.37833963,2.36021E-06,1.17079E-06,0,1.15145E-06,2.28692E-06,3.40362E-06
2662.5,-66.14125045,-32.81075446,0,32.40489575,64.09547052,95.39636175,2.35382E-06,1.16766E-06,0,1.15322E-06,2.28102E-06,3.39495E-06
2670,-66.14367036,-32.81314551,0,32.41405178,64.10700643,95.41688253,2.34975E-06,1.16568E-06,0,1.15151E-06,2.2774E-06,3.38968E-06
2677.5,-66.14629654,-32.8157419,0,32.32893799,64.11955498,95.43921778,2.34736E-06,1.16454E-06,0,1.14727E-06,2.27543E-06,3.38688E-06
2685,-66.14907069,-32.81848563,0,32.40111679,64.13283102,95.46285703,2.34617E-06,1.16401E-06,0,1.1492E-06,2.27466E-06,3.38587E-06
2692.5,-66.15191425,-32.82129857,0,32.21511822,64.14645014,95.487112,2.34557E-06,1.16376E-06,0,1.14226E-06,2.27446E-06,3.38572E-06
2700,-66.15478594,-32.82413968,0,32.24071511,64.16021037,95.5116211,2.34522E-06,1.16363E-06,0,1.14295E-06,2.27451E-06,3.38594E-06
2707.5,-66.15762707,-32.82695055,0,32.27939472,64.17382429,95.53586963,2.34464E-06,1.16339E-06,0,1.14399E-06,2.27433E-06,3.3858E-06
2715,-66.16041122,-32.82970492,0,32.34345121,64.18716245,95.55962572,2.3436E-06,1.16293E-06,0,1.1457E-06,2.2737E-06,3.38501E-06
2722.5,-66.16314695,-32.83241128,0,32.42914447,64.20026673,95.58296436,2.34218E-06,1.16227E-06,0,1.14799E-06,2.27269E-06,3.38364E-06
2730,-66.16582255,-32.835058,0,32.31603267,64.21307968,95.60578263,2.34028E-06,1.16137E-06,0,1.14301E-06,2.27121E-06,3.38156E-06
2737.5,-66.16845631,-32.83766325,0,32.44776606,64.22569074,95.62824067,2.33804E-06,1.16031E-06,0,1.14653E-06,2.26939E-06,3.37899E-06
2745,-66.1711275,-32.84030591,0,32.33437014,64.23848843,95.65103429,2.33614E-06,1.15941E-06,0,1.14155E-06,2.26791E-06,3.37691E-06
2752.5,-66.1738718,-32.84302147,0,32.41164216,64.2516475,95.67447654,2.33487E-06,1.15883E-06,0,1.14361E-06,2.26705E-06,3.37577E-06
2760,-66.17675069,-32.84587113,0,32.4233537,64.26546951,95.69910758,2.33477E-06,1.15883E-06,0,1.14392E-06,2.26734E-06,3.37634E-06
2767.5,-66.1797858,-32.84887639,0,32.35853499,64.28006057,95.72511758,2.33602E-06,1.1595E-06,0,1.14219E-06,2.26896E-06,3.37891E-06
2775,-66.18299025,-32.85205033,0,32.43640383,64.2954853,95.75262238,2.33876E-06,1.16092E-06,0,1.14623E-06,2.27206E-06,3.38368E-06
2782.5,-66.18637402,-32.85540291,0,32.42421903,64.31179292,95.78171026,2.34309E-06,1.16313E-06,0,1.14786E-06,2.27673E-06,3.3908E-06
2790,-66.18994654,-32.85894352,0,32.31593926,64.32902988,95.81246455,2.34913E-06,1.16619E-06,0,1.14692E-06,2.28309E-06,3.40046E-06
2797.5,-66.19368432,-32.86264878,0,32.34671446,64.34708125,95.84467949,2.35672E-06,1.17002E-06,0,1.15165E-06,2.29098E-06,3.4124E-06
2805,-66.19752311,-32.86645478,0,32.32125324,64.36563222,95.87779122,2.36532E-06,1.17436E-06,0,1.15488E-06,2.29986E-06,3.42583E-06
2812.5,-66.20146316,-32.87036178,0,32.46144089,64.38468412,95.91180219,2.37495E-06,1.17921E-06,0,1.16454E-06,2.30977E-06,3.4408E-06
2820,-66.20541837,-32.8742841,0,32.36366923,64.40381475,95.9459561,2.38485E-06,1.1842E-06,0,1.1658E-06,2.31995E-06,3.45616E-06
2827.5,-66.20936843,-32.8782015,0,32.48334305,64.42292442,95.98007431,2.39483E-06,1.18922E-06,0,1.17494E-06,2.33021E-06,3.47166E-06
2835,-66.21326576,-32.88206666,0,32.40233716,64.44177972,96.01373866,2.40444E-06,1.19406E-06,0,1.17664E-06,2.34011E-06,3.4866E-06
2842.5,-66.21710145,-32.88587068,0,32.34793596,64.46033677,96.04687047,2.41357E-06,1.19867E-06,0,1.17906E-06,2.34954E-06,3.50085E-06
2850,-66.22086072,-32.88959886,0,32.54741856,64.47852301,96.07933973,2.42207E-06,1.20296E-06,0,1.19044E-06,2.35834E-06,3.51416E-06
2857.5,-66.22452863,-32.89323631,0,32.35355613,64.49626497,96.1110147,2.42975E-06,1.20684E-06,0,1.18704E-06,2.36634E-06,3.52628E-06
2865,-66.22813856,-32.89681628,0,32.40506294,64.51372643,96.14218884,2.43694E-06,1.21048E-06,0,1.19238E-06,2.37386E-06,3.53766E-06
2872.5,-66.23169715,-32.90034534,0,32.48018369,64.5309398,96.17292018,2.44369E-06,1.21389E-06,0,1.19839E-06,2.38094E-06,3.5484E-06
2880,-66.23527749,-32.90389626,0,32.53843377,64.54826405,96.20385195,2.45074E-06,1.21746E-06,0,1.20394E-06,2.38832E-06,3.5596E-06
2887.5,-66.23888861,-32.90747804,0,32.57445856,64.56574354,96.23506365,2.45821E-06,1.22124E-06,0,1.20888E-06,2.39611E-06,3.5714E-06
2895,-66.24255627,-32.91111631,0,32.57320205,64.58350478,96.26678203,2.46636E-06,1.22536E-06,0,1.21277E-06,2.40459E-06,3.58423E-06
2902.5,-66.24629061,-32.91482119,0,32.52803904,64.60159775,96.29909672,2.47534E-06,1.22988E-06,0,1.21543E-06,2.41388E-06,3.59828E-06
2910,-66.25009894,-32.91859994,0,32.43399096,64.62005838,96.33207214,2.48524E-06,1.23488E-06,0,1.2167E-06,2.42409E-06,3.61371E-06
2917.5,-66.25398307,-32.92245438,0,32.50137032,64.63889577,96.36572465,2.49612E-06,1.24036E-06,0,1.22449E-06,2.43528E-06,3.63059E-06
2925,-66.25793534,-32.92637689,0,32.51957797,64.65807237,96.39998702,2.50793E-06,1.2463E-06,0,1.2309E-06,2.44737E-06,3.64884E-06
2932.5,-66.26194912,-32.93036089,0,32.49150614,64.67755572,96.4348011,2.52062E-06,1.25268E-06,0,1.23598E-06,2.46035E-06,3.6684E-06
2940,-66.26597301,-32.93435517,0,32.44777693,64.69709323,96.4697142,2.53361E-06,1.25921E-06,0,1.24061E-06,2.47362E-06,3.68842E-06
2947.5,-66.26996352,-32.93831645,0,32.62342836,64.71647112,96.50434315,2.5464E-06,1.26564E-06,0,1.25354E-06,2.4867E-06,3.70814E-06
2955,-66.2738769,-32.94220115,0,32.62899786,64.73547425,96.53830225,2.55843E-06,1.2717E-06,0,1.25961E-06,2.49904E-06,3.72676E-06
2962.5,-66.27765305,-32.94594943,0,32.50688307,64.75380703,96.57106163,2.56894E-06,1.27699E-06,0,1.25997E-06,2.50987E-06,3.74312E-06
2970,-66.28128768,-32.949557,0,32.46966294,64.77144815,96.60258298,2.57781E-06,1.28147E-06,0,1.26281E-06,2.51909E-06,3.75706E-06
2977.5,-66.28475855,-32.9530017,0,32.53364186,64.78828802,96.63266975,2.5847E-06,1.28497E-06,0,1.26861E-06,2.52635E-06,3.76808E-06
2985,-66.28804053,-32.95625849,0,32.51266515,64.80420278,96.66109981,2.58924E-06,1.28729E-06,0,1.26996E-06,2.53128E-06,3.77562E-06
2992.5,-66.29113299,-32.95932674,0,32.61464371,64.81918908,96.68786701,2.59137E-06,1.2884E-06,0,1.27493E-06,2.53383E-06,3.7796E-06
3000,-66.29403952,-32.96221,0,32.63448134,64.83326424,96.71300229,2.59109E-06,1.28832E-06,0,1.27551E-06,2.534E-06,3.78001E-06
3007.5,-66.29679278,-32.96494079,0,32.55130052,64.84658875,96.73679327,2.58883E-06,1.28725E-06,0,1.2711E-06,2.5322E-06,3.77748E-06
3015,-66.29940496,-32.96753122,0,32.5621956,64.85922235,96.75934694,2.58471E-06,1.28525E-06,0,1.26945E-06,2.52857E-06,3.77221E-06
3022.5,-66.30193156,-32.97003659,0,32.62974735,64.87143801,96.78115267,2.5795E-06,1.28271E-06,0,1.26947E-06,2.52384E-06,3.7653E-06
3030,-66.3043757,-32.97246,0,32.5460754,64.88325097,96.80223772,2.57322E-06,1.27963E-06,0,1.26309E-06,2.51806E-06,3.75681E-06
3037.5,-66.30679125,-32.97485507,0,32.68597855,64.89492627,96.82307727,2.5666E-06,1.27639E-06,0,1.26521E-06,2.51195E-06,3.74782E-06
3045,-66.30917128,-32.97721493,0,32.64147188,64.90642979,96.84361013,2.55955E-06,1.27293E-06,0,1.25997E-06,2.50541E-06,3.73819E-06
3052.5,-66.31154062,-32.9795643,0,32.60142332,64.91788371,96.86405536,2.55242E-06,1.26943E-06,0,1.25487E-06,2.49877E-06,3.72842E-06
3060,-66.31393862,-32.98194237,0,32.53815512,64.92948179,96.88476041,2.54572E-06,1.26614E-06,0,1.24911E-06,2.49257E-06,3.7193E-06
3067.5,-66.3163449,-32.98432885,0,32.67496595,64.94112372,96.90554541,2.53919E-06,1.26294E-06,0,1.25109E-06,2.48653E-06,3.71042E-06
3075,-66.31877579,-32.98674001,0,32.58295214,64.95288989,96.92655455,2.53304E-06,1.25993E-06,0,1.2445E-06,2.48087E-06,3.70211E-06
3082.5,-66.32119817,-32.98914284,0,32.70406257,64.96461723,96.94749536,2.52683E-06,1.25688E-06,0,1.24602E-06,2.47514E-06,3.69368E-06
3090,-66.32363213,-32.99155738,0,32.60447513,64.9764047,96.96854534,2.52081E-06,1.25394E-06,0,1.23922E-06,2.46961E-06,3.68556E-06
3097.5,-66.3260454,-32.99395144,0,32.72797287,64.9880932,96.98941911,2.51456E-06,1.25087E-06,0,1.24079E-06,2.46384E-06,3.67708E-06
3105,-66.32843236,-32.99631946,0,32.65725512,64.9996551,97.01006714,2.50799E-06,1.24765E-06,0,1.23483E-06,2.45775E-06,3.66812E-06
3112.5,-66.3307744,-32.99864287,0,32.61643579,65.01099857,97.03032466,2.50085E-06,1.24414E-06,0,1.22973E-06,2.45109E-06,3.65831E-06
3120,-66.33306844,-33.0009186,0,32.60790212,65.02210833,97.05016426,2.49309E-06,1.24032E-06,0,1.22555E-06,2.44382E-06,3.64758E-06
3127.5,-66.33530608,-33.00313828,0,32.63797466,65.03294295,97.0695116,2.48461E-06,1.23614E-06,0,1.22247E-06,2.43583E-06,3.63577E-06
3135,-66.33745716,-33.00527185,0,32.7292058,65.04335358,97.08809958,2.47499E-06,1.2314E-06,0,1.2211E-06,2.42671E-06,3.62226E-06
3142.5,-66.33956323,-33.00736071,0,32.6352785,65.05354496,97.10629547,2.46481E-06,1.22637E-06,0,1.21255E-06,2.41703E-06,3.60794E-06
3150,-66.34160093,-33.00938157,0,32.58718158,65.06340188,97.12389253,2.45378E-06,1.22092E-06,0,1.2053E-06,2.4065E-06,3.59232E-06
3157.5,-66.34359436,-33.01135845,0,32.78391788,65.07304305,97.14110367,2.44222E-06,1.2152E-06,0,1.20683E-06,2.39545E-06,3.57593E-06
3165,-66.34553574,-33.01328358,0,32.79780974,65.08242997,97.1578598,2.43005E-06,1.20918E-06,0,1.20129E-06,2.38378E-06,3.55861E-06
3172.5,-66.34744294,-33.01517478,0,32.61174703,65.09165082,97.17431909,2.41751E-06,1.20298E-06,0,1.18828E-06,2.37176E-06,3.54076E-06
3180,-66.34934285,-33.01705884,0,32.64307447,65.10083817,97.19071935,2.40501E-06,1.19679E-06,0,1.18323E-06,2.35975E-06,3.52294E-06
3187.5,-66.35127347,-33.01897364,0,32.64406897,65.11017955,97.20739702,2.39305E-06,1.19088E-06,0,1.17736E-06,2.34829E-06,3.50593E-06
3195,-66.35324096,-33.02092532,0,32.61014322,65.11970536,97.22440666,2.38173E-06,1.18528E-06,0,1.17053E-06,2.33745E-06,3.48984E-06
3202.5,-66.35523622,-33.0229048,0,32.77226112,65.12937074,97.24166782,2.3709E-06,1.17992E-06,0,1.17096E-06,2.3271E-06,3.47448E-06
3210,-66.35728797,-33.02494072,0,32.6613056,65.13931751,97.25943498,2.36095E-06,1.17501E-06,0,1.16207E-06,2.31761E-06,3.46043E-06
3217.5,-66.35936077,-33.02699776,0,32.75386488,65.14937078,97.27739432,2.35138E-06,1.17028E-06,0,1.1606E-06,2.3085E-06,3.44693E-06
3225,-66.36148465,-33.02910586,0,32.80221145,65.15967886,97.29581202,2.3426E-06,1.16595E-06,0,1.15794E-06,2.30018E-06,3.4346E-06
3232.5,-66.36366075,-33.03126615,0,32.80544659,65.1702474,97.31469824,2.33463E-06,1.16202E-06,0,1.15407E-06,2.29264E-06,3.42346E-06
3240,-66.36588836,-33.03347792,0,32.76395279,65.18107298,97.33404686,2.32744E-06,1.15848E-06,0,1.14902E-06,2.28588E-06,3.41348E-06
3247.5,-66.36818507,-33.03575871,0,32.66354364,65.19224257,97.35401399,2.32127E-06,1.15545E-06,0,1.14243E-06,2.28014E-06,3.40502E-06
3255,-66.37057928,-33.03813685,0,32.71037162,65.20389652,97.37485156,2.31654E-06,1.15313E-06,0,1.14169E-06,2.27582E-06,3.39868E-06
3262.5,-66.37304471,-33.04058615,0,32.69706311,65.21590519,97.39632697,2.31285E-06,1.15134E-06,0,1.13937E-06,2.27253E-06,3.3939E-06
3270,-66.37560723,-33.04313239,0,32.8317643,65.2283965,97.41866982,2.3106E-06,1.15026E-06,0,1.1429E-06,2.27066E-06,3.39124E-06
3277.5,-66.37827084,-33.04577958,0,32.65093061,65.24139032,97.44191587,2.30984E-06,1.14993E-06,0,1.13619E-06,2.27028E-06,3.39079E-06
3285,-66.38104666,-33.04853882,0,32.83378976,65.25494181,97.46616416,2.31075E-06,1.15043E-06,0,1.14296E-06,2.27155E-06,3.39284E-06
3292.5,-66.38393673,-33.05141214,0,32.68768834,65.26906117,97.49143309,2.3134E-06,1.1518E-06,0,1.13913E-06,2.27455E-06,3.39745E-06
3300,-66.38693367,-33.05439218,0,32.6766153,65.28371208,97.51765752,2.3177E-06,1.15399E-06,0,1.1408E-06,2.27918E-06,3.40453E-06
3307.5,-66.39005734,-33.05749877,0,32.78034764,65.29899292,97.54501414,2.324E-06,1.15718E-06,0,1.14748E-06,2.2858E-06,3.41458E-06
3315,-66.39329613,-33.06072034,0,32.77678126,65.31484645,97.57340028,2.33217E-06,1.16131E-06,0,1.15134E-06,2.29429E-06,3.42742E-06
3322.5,-66.39663529,-33.06404219,0,32.90349535,65.33119993,97.60268542,2.34206E-06,1.16629E-06,0,1.16063E-06,2.30447E-06,3.44281E-06
3330,-66.40003874,-33.06742834,0,32.73627339,65.34787503,97.63254951,2.35313E-06,1.17187E-06,0,1.16013E-06,2.31584E-06,3.45997E-06
3337.5,-66.40352888,-33.07090113,0,32.70530959,65.36498262,97.66319164,2.36581E-06,1.17824E-06,0,1.16522E-06,2.32881E-06,3.47953E-06
3345,-66.40708873,-33.07444364,0,32.82057524,65.38243884,97.69446131,2.37989E-06,1.18532E-06,0,1.17622E-06,2.34316E-06,3.50116E-06
3352.5,-66.41074101,-33.07807853,0,32.83212591,65.40035628,97.72656069,2.39581E-06,1.19331E-06,0,1.18444E-06,2.35936E-06,3.52555E-06
3360,-66.41446837,-33.08178851,0,32.75379013,65.41864919,97.7593359,2.41337E-06,1.20212E-06,0,1.19021E-06,2.37718E-06,3.55237E-06
3367.5,-66.4182762,-33.08557896,0,32.79593419,65.43734432,97.79283505,2.43274E-06,1.21185E-06,0,1.20124E-06,2.39681E-06,3.58192E-06
3375,-66.42215702,-33.08944242,0,32.74111089,65.45640489,97.82699212,2.45391E-06,1.22246E-06,0,1.20959E-06,2.41823E-06,3.61413E-06
3382.5,-66.42608485,-33.09335299,0,32.82772985,65.47570229,97.86157627,2.47646E-06,1.23377E-06,0,1.22386E-06,2.44102E-06,3.64841E-06
3390,-66.43004618,-33.0972972,0,32.84928949,65.49516984,97.8964678,2.5002E-06,1.24567E-06,0,1.23634E-06,2.46502E-06,3.68449E-06
3397.5,-66.43404408,-33.10127809,0,32.80086614,65.51482268,97.93169392,2.52528E-06,1.25824E-06,0,1.24682E-06,2.49034E-06,3.72256E-06
3405,-66.43806722,-33.10528439,0,32.90130356,65.53460483,97.96715416,2.55152E-06,1.27139E-06,0,1.26356E-06,2.51682E-06,3.76237E-06
3412.5,-66.44208188,-33.10928245,0,32.97479124,65.55434938,98.00254878,2.57824E-06,1.28478E-06,0,1.27957E-06,2.54379E-06,3.80292E-06
3420,-66.44609791,-33.1132821,0,32.80619274,65.57410509,98.03796537,2.60569E-06,1.29854E-06,0,1.2865E-06,2.57149E-06,3.84456E-06
3427.5,-66.45008115,-33.11724926,0,32.84601193,65.59370273,98.07310003,2.63307E-06,1.31227E-06,0,1.30152E-06,2.59914E-06,3.88613E-06
3435,-66.45402019,-33.12117255,0,32.90375808,65.61308578,98.10785124,2.66009E-06,1.32581E-06,0,1.3171E-06,2.62642E-06,3.92716E-06
3442.5,-66.45790453,-33.12504148,0,32.99489616,65.63220217,98.14212546,2.6864E-06,1.339E-06,0,1.33374E-06,2.65302E-06,3.96716E-06
3450,-66.46173493,-33.12885681,0,32.92569065,65.65105558,98.17592928,2.71195E-06,1.35181E-06,0,1.34352E-06,2.67888E-06,4.00604E-06
3457.5,-66.4654734,-33.13258063,0,32.94833332,65.66945764,98.20892433,2.73564E-06,1.3637E-06,0,1.35612E-06,2.70288E-06,4.04217E-06
3465,-66.46912894,-33.13622193,0,32.863141,65.68745295,98.24119069,2.75756E-06,1.3747E-06,0,1.36337E-06,2.72513E-06,4.07566E-06
3472.5,-66.4727001,-33.13977923,0,32.87251618,65.70503408,98.27271496,2.77752E-06,1.38473E-06,0,1.37356E-06,2.74545E-06,4.10627E-06
3480,-66.47619486,-33.14326051,0,32.96964411,65.72224062,98.30356822,2.79564E-06,1.39383E-06,0,1.38653E-06,2.76393E-06,4.13413E-06
3487.5,-66.47960947,-33.14666201,0,32.97493054,65.73905378,98.33371665,2.81167E-06,1.40189E-06,0,1.39463E-06,2.78035E-06,4.1589E-06
3495,-66.48293223,-33.14997206,0,32.91243802,65.7554155,98.36305593,2.82514E-06,1.40868E-06,0,1.39859E-06,2.79422E-06,4.17985E-06
3502.5,-66.48618405,-33.15321151,0,32.94554012,65.7714293,98.39177196,2.83657E-06,1.41445E-06,0,1.40559E-06,2.80608E-06,4.1978E-06
3510,-66.48936689,-33.15638232,0,32.88745513,65.78710492,98.41988221,2.84595E-06,1.4192E-06,0,1.40769E-06,2.81589E-06,4.21268E-06
3517.5,-66.49249126,-33.15949497,0,32.91306527,65.80249431,98.44747994,2.85354E-06,1.42305E-06,0,1.41247E-06,2.82393E-06,4.2249E-06
3525,-66.49555447,-33.16254678,0,33.02898404,65.81758412,98.47454117,2.85919E-06,1.42593E-06,0,1.42019E-06,2.83003E-06,4.23422E-06
3532.5,-66.49859589,-33.16557702,0,32.98877706,65.83256958,98.5014166,2.86418E-06,1.42848E-06,0,1.42087E-06,2.83549E-06,4.24258E-06
3540,-66.50160909,-33.16857929,0,32.99018833,65.84741878,98.5280489,2.86828E-06,1.43059E-06,0,1.4229E-06,2.84007E-06,4.24961E-06
3547.5,-66.50458876,-33.17154829,0,33.04299161,65.86210533,98.55439064,2.87127E-06,1.43215E-06,0,1.4266E-06,2.84353E-06,4.25499E-06
3555,-66.50754115,-33.17449025,0,32.95268641,65.87666025,98.58049752,2.87335E-06,1.43325E-06,0,1.42367E-06,2.84609E-06,4.25901E-06
3562.5,-66.51047206,-33.17741095,0,33.0807263,65.89111222,98.60642106,2.87471E-06,1.43399E-06,0,1.42981E-06,2.84794E-06,4.26196E-06
3570,-66.51338542,-33.18031433,0,33.05054865,65.90548079,98.63219638,2.87549E-06,1.43444E-06,0,1.42883E-06,2.84921E-06,4.26404E-06
3577.5,-66.51627508,-33.18319423,0,33.05905089,65.91973535,98.65776847,2.87543E-06,1.43447E-06,0,1.42911E-06,2.84964E-06,4.26487E-06
3585,-66.51914514,-33.18605475,0,33.09942263,65.93389627,98.6831739,2.87468E-06,1.43416E-06,0,1.43042E-06,2.84939E-06,4.26467E-06
3592.5,-66.52199613,-33.18889642,0,32.98622195,65.94796609,98.70841727,2.87325E-06,1.43351E-06,0,1.42476E-06,2.84845E-06,4.26346E-06
3600,-66.524824,-33.19171519,0,33.0980893,65.96192471,98.73346238,2.87095E-06,1.43243E-06,0,1.42839E-06,2.84666E-06,4.26096E-06
3607.5,-66.52762988,-33.19451218,0,33.06301978,65.97577767,98.75831923,2.86783E-06,1.43093E-06,0,1.42526E-06,2.84404E-06,4.25721E-06
3615,-66.53041909,-33.19729272,0,33.05640479,65.98955144,98.78303533,2.8641E-06,1.42912E-06,0,1.42306E-06,2.84081E-06,4.25255E-06
3622.5,-66.53319275,-33.20005791,0,33.07645162,66.00325147,98.80762051,2.85978E-06,1.42703E-06,0,1.42172E-06,2.83701E-06,4.24703E-06
3630,-66.53594466,-33.20280157,0,33.13655351,66.01684699,98.8320194,2.85461E-06,1.42451E-06,0,1.42167E-06,2.83234E-06,4.24022E-06
3637.5,-66.53868343,-33.20553229,0,33.03241156,66.03038072,98.85630882,2.84896E-06,1.42175E-06,0,1.41434E-06,2.8272E-06,4.23269E-06
3645,-66.54141255,-33.20825354,0,33.1302617,66.04386999,98.88051987,2.84299E-06,1.41883E-06,0,1.41549E-06,2.82173E-06,4.22468E-06
3652.5,-66.54412809,-33.21096141,0,33.06501339,66.05729522,98.90461738,2.8365E-06,1.41564E-06,0,1.40942E-06,2.81574E-06,4.21589E-06
3660,-66.54683966,-33.21366549,0,33.00222932,66.07070421,98.92868723,2.82994E-06,1.41243E-06,0,1.40344E-06,2.8097E-06,4.207E-06
3667.5,-66.54954739,-33.21636592,0,33.13031434,66.08409765,98.95273067,2.82334E-06,1.40919E-06,0,1.40554E-06,2.80359E-06,4.19803E-06
3675,-66.55225312,-33.21906452,0,33.06831904,66.09748452,98.97676385,2.81677E-06,1.40597E-06,0,1.39959E-06,2.79752E-06,4.1891E-06
3682.5,-66.55495008,-33.22175454,0,33.0206104,66.11083129,99.00072647,2.80988E-06,1.40259E-06,0,1.3941E-06,2.79113E-06,4.17971E-06
3690,-66.55763955,-33.22443725,0,33.17443024,66.12414419,99.02462975,2.80275E-06,1.39909E-06,0,1.39698E-06,2.7845E-06,4.16995E-06
3697.5,-66.56032111,-33.22711224,0,33.15156502,66.13742117,99.04846995,2.79535E-06,1.39545E-06,0,1.39227E-06,2.77759E-06,4.15976E-06
3705,-66.56299071,-33.22977545,0,33.1523584,66.15064202,99.07221075,2.78745E-06,1.39156E-06,0,1.38832E-06,2.77018E-06,4.14883E-06
3712.5,-66.56564232,-33.23242086,0,33.19323843,66.16377676,99.09579824,2.77871E-06,1.38725E-06,0,1.38561E-06,2.76193E-06,4.13664E-06
3720,-66.56827138,-33.23504391,0,33.09535112,66.17680254,99.11919131,2.76886E-06,1.38239E-06,0,1.37658E-06,2.75257E-06,4.12279E-06
3727.5,-66.57088196,-33.23764868,0,33.23233014,66.18973969,99.14242649,2.75812E-06,1.37708E-06,0,1.37686E-06,2.74233E-06,4.10761E-06
3735,-66.57346086,-33.24022196,0,33.06360651,66.20252239,99.16538542,2.74572E-06,1.37094E-06,0,1.36366E-06,2.73042E-06,4.08992E-06
3742.5,-66.5760041,-33.24275979,0,33.18181367,66.21513079,99.18803239,2.73139E-06,1.36384E-06,0,1.36134E-06,2.71658E-06,4.06935E-06
3750,-66.57850745,-33.24525793,0,33.21240902,66.22754369,99.21032923,2.71487E-06,1.35564E-06,0,1.3543E-06,2.70056E-06,4.0455E-06
3757.5,-66.58096402,-33.24770949,0,33.17507979,66.23972678,99.23221419,2.69573E-06,1.34614E-06,0,1.34319E-06,2.68192E-06,4.01772E-06
3765,-66.58336759,-33.25010825,0,33.0871667,66.25164887,99.25363118,2.6736E-06,1.33513E-06,0,1.32859E-06,2.66028E-06,3.98544E-06
3772.5,-66.58571478,-33.25245084,0,33.15737967,66.26329316,99.2745499,2.64828E-06,1.32253E-06,0,1.31875E-06,2.63546E-06,3.9484E-06
3780,-66.58800499,-33.25473664,0,33.1864921,66.27465642,99.29496453,2.61979E-06,1.30835E-06,0,1.30567E-06,2.60747E-06,3.90659E-06
3787.5,-66.59023224,-33.25695968,0,33.18951933,66.28570883,99.31482137,2.58782E-06,1.29243E-06,0,1.28981E-06,2.57599E-06,3.85956E-06
3795,-66.59239174,-33.25911517,0,33.17653455,66.29642632,99.33407709,2.55216E-06,1.27466E-06,0,1.27149E-06,2.54082E-06,3.80699E-06
3802.5,-66.59447777,-33.26119738,0,33.15912941,66.30678032,99.35268023,2.51256E-06,1.25492E-06,0,1.25107E-06,2.50171E-06,3.74851E-06
3810,-66.59648824,-33.26320421,0,33.13418522,66.31676023,99.37061164,2.46909E-06,1.23325E-06,0,1.22846E-06,2.45872E-06,3.6842E-06
3817.5,-66.59842087,-33.26513339,0,33.096738,66.32635453,99.38785057,2.42182E-06,1.20967E-06,0,1.20355E-06,2.41193E-06,3.61419E-06
3825,-66.60027738,-33.26698662,0,33.24909611,66.33557162,99.40441204,2.37114E-06,1.18439E-06,0,1.18375E-06,2.36171E-06,3.53904E-06
3832.5,-66.60205826,-33.26876437,0,33.12646247,66.34441377,99.42030008,2.31735E-06,1.15755E-06,0,1.1526E-06,2.30839E-06,3.45923E-06
3840,-66.60376103,-33.27046418,0,33.17216874,66.35286858,99.43549228,2.2606E-06,1.12923E-06,0,1.1259E-06,2.25208E-06,3.37494E-06
3847.5,-66.60537964,-33.27207998,0,33.16167375,66.36090555,99.44993374,2.20081E-06,1.09939E-06,0,1.09575E-06,2.19273E-06,3.28608E-06
3855,-66.60690959,-33.27360726,0,33.33354453,66.3685021,99.46358371,2.13808E-06,1.06808E-06,0,1.07001E-06,2.13043E-06,3.19278E-06
3862.5,-66.60835224,-33.27504738,0,33.15785152,66.37566488,99.47645412,2.07292E-06,1.03555E-06,0,1.0319E-06,2.06567E-06,3.0958E-06
3870,-66.6097073,-33.27640003,0,33.1049733,66.38239219,99.4885418,2.00572E-06,1.002E-06,0,9.96843E-07,1.99888E-06,2.99576E-06
3877.5,-66.61097462,-33.27766506,0,33.15904423,66.38868317,99.49984512,1.93691E-06,9.67648E-07,0,9.64199E-07,1.93045E-06,2.89326E-06
3885,-66.61216258,-33.27885084,0,33.26794891,66.39457938,99.5104388,1.86739E-06,9.32931E-07,0,9.32625E-07,1.86129E-06,2.78965E-06
3892.5,-66.61327733,-33.27996349,0,33.0921585,66.40011142,99.52037779,1.79781E-06,8.98187E-07,0,8.93118E-07,1.79206E-06,2.68594E-06
3900,-66.61432124,-33.2810054,0,33.18518451,66.40529096,99.52968304,1.72856E-06,8.63603E-07,0,8.61117E-07,1.72314E-06,2.58268E-06
3907.5,-66.61529885,-33.28198107,0,33.22361681,66.41014042,99.53839481,1.66009E-06,8.29404E-07,0,8.27949E-07,1.65497E-06,2.48055E-06
3915,-66.61622415,-33.2829045,0,33.12863908,66.41472963,99.54663867,1.59324E-06,7.96018E-07,0,7.92328E-07,1.58842E-06,2.38083E-06
3922.5,-66.61711732,-33.28379585,0,33.14567594,66.4191592,99.55459565,1.52902E-06,7.6394E-07,0,7.6077E-07,1.52447E-06,2.28501E-06
3930,-66.617998,-33.28467476,0,33.22103993,66.42352716,99.56244212,1.46816E-06,7.33546E-07,0,7.32144E-07,1.46388E-06,2.19421E-06
3937.5,-66.61888953,-33.28556454,0,33.29124986,66.42795006,99.57038777,1.41143E-06,7.05211E-07,0,7.05331E-07,1.40739E-06,2.10957E-06
3945,-66.61981673,-33.28649004,0,33.29149563,66.43255192,99.57865581,1.35947E-06,6.79258E-07,0,6.7936E-07,1.35565E-06,2.03204E-06
3952.5,-66.62079941,-33.28747103,0,33.1823755,66.4374317,99.58742435,1.31258E-06,6.5584E-07,0,6.53769E-07,1.30897E-06,1.9621E-06
3960,-66.62185175,-33.28852172,0,33.3691602,66.44266037,99.59682115,1.2708E-06,6.34974E-07,0,6.36513E-07,1.26739E-06,1.8998E-06
3967.5,-66.62299385,-33.28966219,0,33.41498077,66.44833845,99.60702716,1.23443E-06,6.16813E-07,0,6.19135E-07,1.2312E-06,1.84558E-06
3975,-66.62424682,-33.29091358,0,33.26508405,66.4545717,99.61823282,1.20385E-06,6.01542E-07,0,6.01075E-07,1.20078E-06,1.80003E-06
3982.5,-66.6259707,-33.29263593,0,33.0598125,66.46316059,99.63367913,1.19372E-06,5.96496E-07,0,5.92325E-07,1.1908E-06,1.78511E-06
3990,-66.62771177,-33.29437554,0,33.21929277,66.47183679,99.64928317,1.18432E-06,5.91814E-07,0,5.9048E-07,1.18155E-06,1.77129E-06
3997.5,-66.62945471,-33.29611708,0,33.37581598,66.48052359,99.66490687,1.17497E-06,5.87156E-07,0,5.88562E-07,1.17234E-06,1.75753E-06
4005,-66.63118929,-33.29785033,0,33.12781109,66.48916986,99.68045819,1.16518E-06,5.82278E-07,0,5.79305E-07,1.16269E-06,1.74311E-06
4012.5,-66.63289966,-33.29955943,0,33.4805916,66.49769625,99.69579424,1.15414E-06,5.76777E-07,0,5.79913E-07,1.1518E-06,1.72682E-06
4020,-66.63457778,-33.30123633,0,33.10614912,66.50606249,99.71084251,1.1414E-06,5.70423E-07,0,5.67081E-07,1.13919E-06,1.70797E-06
4027.5,-66.63622114,-33.30287852,0,33.42083528,66.51425588,99.72558009,1.12675E-06,5.63115E-07,0,5.6511E-07,1.12468E-06,1.68625E-06
4035,-66.63782126,-33.30447751,0,33.07627042,66.52223387,99.73993031,1.10966E-06,5.5459E-07,0,5.5079E-07,1.10774E-06,1.66088E-06
4042.5,-66.63936992,-33.30602507,0,33.08136024,66.5299552,99.75381882,1.08961E-06,5.44583E-07,0,5.4091E-07,1.08782E-06,1.63106E-06
4050,-66.64086218,-33.30751626,0,33.49705142,66.53739498,99.76720076,1.06628E-06,5.32932E-07,0,5.35965E-07,1.06462E-06,1.59631E-06
4057.5,-66.6420452,-33.30869806,0,33.17540624,66.54328592,99.77779364,1.02484E-06,5.12228E-07,0,5.10179E-07,1.02332E-06,1.5344E-06
4065,-66.64322385,-33.30987552,0,33.21518277,66.54915537,99.78834796,9.84526E-07,4.9209E-07,0,4.90691E-07,9.83137E-07,1.47418E-06
4072.5,-66.64440066,-33.31105115,0,33.09416786,66.55501587,99.79888632,9.4538E-07,4.72532E-07,0,4.69455E-07,9.44113E-07,1.41569E-06
4080,-66.64557726,-33.31222658,0,33.38408897,66.56087554,99.80942325,9.07367E-07,4.5354E-07,0,4.54518E-07,9.06214E-07,1.35889E-06
4087.5,-66.64676245,-33.31341061,0,33.46665297,66.56677839,99.82003803,8.70869E-07,4.35304E-07,0,4.37307E-07,8.69824E-07,1.30434E-06
4095,-66.64795953,-33.31460655,0,33.31059372,66.57274099,99.83076047,8.35908E-07,4.17836E-07,0,4.17786E-07,8.34965E-07,1.25209E-06
4102.5,-66.64916911,-33.31581499,0,33.57420411,66.57876622,99.84159574,8.0234E-07,4.01064E-07,0,4.04175E-07,8.01492E-07,1.20192E-06
4110,-66.65039678,-33.31704155,0,33.58922684,66.58488223,99.85259454,7.70333E-07,3.85072E-07,0,3.88218E-07,7.69576E-07,1.15408E-06
4117.5,-66.65164221,-33.31828586,0,33.36147541,66.5910872,99.86375355,7.39677E-07,3.69755E-07,0,3.70234E-07,7.39005E-07,1.10825E-06
4125,-66.65290304,-33.31954558,0,33.67472479,66.59736922,99.87505125,7.10035E-07,3.54944E-07,0,3.58728E-07,7.09443E-07,1.06394E-06
4132.5,-66.65417863,-33.32082006,0,33.07718577,66.60372492,99.88648154,6.81181E-07,3.40527E-07,0,3.38037E-07,6.80666E-07,1.0208E-06
4140,-66.65546556,-33.32210585,0,33.17438227,66.61013682,99.89801278,6.52669E-07,3.26279E-07,0,3.24833E-07,6.52225E-07,9.78169E-07
4147.5,-66.65676499,-33.3234041,0,33.23812849,66.61661052,99.90965494,6.24353E-07,3.1213E-07,0,3.11331E-07,6.23977E-07,9.35823E-07
4155,-66.65808104,-33.32471894,0,33.25229691,66.62316649,99.92144482,5.96286E-07,2.98104E-07,0,2.97456E-07,5.95973E-07,8.93841E-07
4162.5,-66.65941444,-33.32605105,0,33.28515714,66.62980784,99.93338776,5.68143E-07,2.84041E-07,0,2.83692E-07,5.67891E-07,8.5174E-07
4170,-66.6607669,-33.32740211,0,33.43693891,66.63654243,99.94549764,5.39533E-07,2.69742E-07,0,2.70629E-07,5.39337E-07,8.0893E-07
4177.5,-66.66214331,-33.32877699,0,33.81115302,66.64339389,99.95781659,5.10137E-07,2.55051E-07,0,2.58742E-07,5.09994E-07,7.64935E-07
4185,-66.66355229,-33.33018423,0,33.41568744,66.65040415,99.97041955,4.79681E-07,2.39829E-07,0,2.40444E-07,4.79587E-07,7.19343E-07
4192.5,-66.66500736,-33.33163727,0,33.36508201,66.65763917,99.98342458,4.47882E-07,2.23935E-07,0,2.2416E-07,4.47833E-07,6.71729E-07
4200,-66.66652972,-33.33315724,0,33.75923384,66.66520315,99.99701836,4.14675E-07,2.07337E-07,0,2.09987E-07,4.14666E-07,6.21995E-07
4207.5,-66.66815037,-33.33477496,0,33.31626363,66.67324828,100.0114737,3.80057E-07,1.90033E-07,0,1.89927E-07,3.80086E-07,5.70138E-07
4215,-66.66991604,-33.336537,0,33.34877583,66.68200428,100.0272021,3.43977E-07,1.71997E-07,0,1.7206E-07,3.44039E-07,5.16081E-07
4222.5,-66.67189925,-33.33851555,0,33.3060858,66.69182758,100.0448427,3.06487E-07,1.53255E-07,0,1.53106E-07,3.06578E-07,4.599E-07
4230,-66.67421776,-33.34082788,0,33.30136728,66.70329715,100.065433,2.67694E-07,1.33862E-07,0,1.33704E-07,2.67811E-07,4.01759E-07
4237.5,-66.67708639,-33.3436879,0,33.41206201,66.71746882,100.0908655,2.27501E-07,1.13768E-07,0,1.14001E-07,2.27639E-07,3.41509E-07
4245,-66.68092156,-33.34751026,0,33.37809372,66.7363897,100.1248093,1.85977E-07,9.30083E-08,0,9.30936E-08,1.86132E-07,2.79254E-07
4252.5,-66.68660502,-33.35317302,0,33.32926352,66.76439512,100.1750352,1.43647E-07,7.18449E-08,0,7.17934E-08,1.43815E-07,2.15784E-07
4260,-66.69646297,-33.36299265,0,33.55606721,66.81292232,100.2620439,1.01076E-07,5.05606E-08,0,5.08532E-08,1.01253E-07,1.51944E-07
4267.5,-66.71913696,-33.38557451,0,33.80673521,66.92445889,100.4619916,5.9037E-08,2.95415E-08,0,2.99142E-08,5.92187E-08,8.88946E-08
4275,-66.83934768,-33.50528423,0,33.62164783,67.51554286,101.521494,1.81277E-08,9.08709E-09,0,9.11865E-09,1.83111E-08,2.7534E-08
4282.5,-66.52074015,-33.18801476,0,32.9749873,65.94913232,98.71383696,2.11706E-08,1.05623E-08,0,1.04945E-08,2.09887E-08,3.14162E-08
4290,-66.61440661,-33.28129138,0,32.77518242,66.40970672,99.53940903,5.77968E-08,2.88759E-08,0,2.84368E-08,5.76192E-08,8.63636E-08
4297.5,-66.63478018,-33.30158229,0,33.31030691,66.5099296,99.71907615,9.11721E-08,4.55644E-08,0,4.55764E-08,9.10013E-08,1.36439E-07
4305,-66.64392342,-33.31068995,0,33.21292694,66.5549379,99.79977522,1.21268E-07,6.06136E-08,0,6.04357E-08,1.21106E-07,1.816E-07
4312.5,-66.64919087,-33.31593815,0,33.31472972,66.58089203,99.84632168,1.47582E-07,7.37718E-08,0,7.37691E-08,1.47431E-07,2.21091E-07
4320,-66.65265704,-33.31939275,0,33.29949228,66.59799257,99.8769999,1.69607E-07,8.47861E-08,0,8.47354E-08,1.69468E-07,2.54152E-07
4327.5,-66.65517737,-33.32190563,0,33.38778321,66.61044603,99.89935,1.87491E-07,9.37296E-08,0,9.39149E-08,1.87365E-07,2.81002E-07
4335,-66.65715631,-33.32387957,0,33.30945868,66.62024128,99.91693708,2.01607E-07,1.00789E-07,0,1.00746E-07,2.01496E-07,3.02203E-07
4342.5,-66.65879718,-33.32551708,0,33.22569222,66.62837882,99.93155484,2.12146E-07,1.06061E-07,0,1.05743E-07,2.12049E-07,3.18039E-07
4350,-66.66023146,-33.3269491,0,33.28241858,66.63550522,99.94436231,2.19663E-07,1.09821E-07,0,1.09674E-07,2.19581E-07,3.29342E-07
4357.5,-66.66154133,-33.32825745,0,33.33588616,66.64202438,99.95608334,2.24778E-07,1.12381E-07,0,1.12406E-07,2.24713E-07,3.37045E-07
4365,-66.66277364,-33.32948881,0,33.42841623,66.64816702,99.96713167,2.27824E-07,1.13906E-07,0,1.14244E-07,2.27774E-07,3.41644E-07
4372.5,-66.66395888,-33.33067359,0,33.25464775,66.65408405,99.97777824,2.28926E-07,1.14458E-07,0,1.14197E-07,2.28892E-07,3.43326E-07
4380,-66.6651229,-33.33183756,0,33.3612405,66.65990312,99.98825213,2.28347E-07,1.14171E-07,0,1.14272E-07,2.28329E-07,3.42488E-07
4387.5,-66.66628603,-33.33300096,0,33.30702223,66.66572421,99.99873255,2.26443E-07,1.13221E-07,0,1.13133E-07,2.26441E-07,3.39663E-07
4395,-66.66746337,-33.33417886,0,33.22199573,66.67162228,100.0093542,2.23389E-07,1.11696E-07,0,1.1132E-07,2.23403E-07,3.35111E-07
4402.5,-66.668672,-33.33538845,0,33.24385229,66.67768433,100.0202743,2.18954E-07,1.0948E-07,0,1.0918E-07,2.18983E-07,3.28487E-07
4410,-66.66993203,-33.33664984,0,33.3836077,66.68401169,100.0316758,2.1313E-07,1.0657E-07,0,1.06721E-07,2.13175E-07,3.19781E-07
4417.5,-66.67125315,-33.33797264,0,33.27136081,66.69065082,100.0436412,2.0651E-07,1.03262E-07,0,1.03056E-07,2.0657E-07,3.09879E-07
4425,-66.67265976,-33.33938136,0,33.27305047,66.69772585,100.0563951,1.98908E-07,9.9463E-08,0,9.92651E-08,1.98983E-07,2.98503E-07
4432.5,-66.67419654,-33.34092089,0,33.40776628,66.70546452,100.0703491,1.89915E-07,9.49686E-08,0,9.5159E-08,1.90005E-07,2.85041E-07
4440,-66.67589107,-33.34261883,0,33.42435774,66.71400516,100.0857527,1.79902E-07,8.99637E-08,0,9.01842E-08,1.80005E-07,2.70047E-07
4447.5,-66.67779258,-33.34452457,0,33.26315692,66.7235971,100.103056,1.68917E-07,8.44728E-08,0,8.42667E-08,1.69033E-07,2.53594E-07
4455,-66.67999193,-33.34672934,0,33.39883071,66.73470172,100.1230925,1.56754E-07,7.8393E-08,0,7.85155E-08,1.56883E-07,2.35374E-07
4462.5,-66.68259584,-33.3493402,0,33.42475483,66.74785974,100.1468389,1.43536E-07,7.17853E-08,0,7.19476E-08,1.43676E-07,2.15568E-07
4470,-66.68572785,-33.35248108,0,33.35571967,66.76369666,100.1754245,1.29615E-07,6.48263E-08,0,6.48326E-08,1.29767E-07,1.94708E-07
4477.5,-66.68958199,-33.35634669,0,33.35831361,66.78319582,100.2106251,1.15218E-07,5.7629E-08,0,5.76324E-08,1.1538E-07,1.73132E-07
4485,-66.69455191,-33.36133208,0,33.62512689,66.80835378,100.2560474,1.00223E-07,5.01325E-08,0,5.05289E-08,1.00394E-07,1.50656E-07
4492.5,-66.70129791,-33.36809991,0,33.56797098,66.84251882,100.317739,8.4695E-08,4.23697E-08,0,4.26235E-08,8.48743E-08,1.2738E-07
4500,-66.71105836,-33.37789295,0,33.41508594,66.89197051,100.4070425,6.88036E-08,3.44249E-08,0,3.44632E-08,6.89902E-08,1.03557E-07
4507.5,-66.72657868,-33.39346639,0,33.6964409,66.97063067,100.5491043,5.27039E-08,2.63758E-08,0,2.66151E-08,5.28967E-08,7.94186E-08
4515,-66.75602595,-33.42301646,0,33.47192669,67.11991541,100.818733,3.62909E-08,1.81699E-08,0,1.81965E-08,3.64887E-08,5.48086E-08
4522.5,-66.83554289,-33.50281477,0,33.61553031,67.52310709,101.5469858,1.96081E-08,9.82902E-09,0,9.86209E-09,1.98099E-08,2.97918E-08
4530,-67.84306637,-34.51392953,0,35.72007263,72.632289,110.775522,2.89528E-09,1.47292E-09,0,1.52439E-09,3.09966E-09,4.72746E-09
4537.5,-66.42083264,-33.08662081,0,32.67541775,65.41998955,97.74815011,1.36571E-08,6.80309E-09,0,6.71854E-09,1.34513E-08,2.00984E-08
4545,-66.55491109,-33.22117518,0,33.11878966,66.09986546,98.97616849,3.0118E-08,1.50335E-08,0,1.49872E-08,2.99121E-08,4.47895E-08
4552.5,-66.59451699,-33.26092,0,33.1764462,66.3006633,99.33884278,4.64044E-08,2.31769E-08,0,2.3118E-08,4.61996E-08,6.92213E-08
4560,-66.61340198,-33.27986992,0,33.04003178,66.3963821,99.51171533,6.2087E-08,3.10185E-08,0,3.0795E-08,6.18848E-08,9.27499E-08
4567.5,-66.62476924,-33.29127527,0,33.53476949,66.45397752,99.61572658,7.74342E-08,3.86926E-08,0,3.89756E-08,7.72357E-08,1.15778E-07
4575,-66.63249884,-33.29902997,0,33.13415489,66.49312566,99.68641692,9.24908E-08,4.62215E-08,0,4.59926E-08,9.22973E-08,1.38372E-07
4582.5,-66.63814762,-33.30469639,0,33.38206149,66.52172094,99.73804556,1.07115E-07,5.35344E-08,0,5.36587E-08,1.06928E-07,1.6032E-07
4590,-66.64249323,-33.30905492,0,33.35383076,66.54370641,99.77773453,1.21137E-07,6.05466E-08,0,6.06279E-08,1.20958E-07,1.81368E-07
4597.5,-66.6459344,-33.31250566,0,33.15964228,66.56110292,99.80913349,1.34133E-07,6.70455E-08,0,6.67378E-08,1.33962E-07,2.00878E-07
4605,-66.64880248,-33.31538118,0,33.35989014,66.5755917,99.83527965,1.46332E-07,7.3146E-08,0,7.32437E-08,1.46171E-07,2.19195E-07
4612.5,-66.65130971,-33.31789458,0,33.13781887,66.5882506,99.85812056,1.58196E-07,7.90794E-08,0,7.8652E-08,1.58046E-07,2.37011E-07
4620,-66.65353861,-33.32012862,0,33.27369258,66.59949766,99.87841111,1.69642E-07,8.48043E-08,0,8.46862E-08,1.69505E-07,2.54204E-07
4627.5,-66.65555058,-33.32214493,0,33.16427395,66.60964395,99.89671308,1.80599E-07,9.02842E-08,0,8.98565E-08,1.80475E-07,2.70664E-07
4635,-66.6574083,-33.32400646,0,33.20496917,66.6190083,99.91360276,1.91358E-07,9.56654E-08,0,9.53236E-08,1.91247E-07,2.86828E-07
4642.5,-66.65914154,-33.32574306,0,33.3620414,66.62774156,99.92935263,2.01934E-07,1.00955E-07,0,1.01065E-07,2.01839E-07,3.02721E-07
4650,-66.66076667,-33.32737114,0,33.2612919,66.63592596,99.9441108,2.12096E-07,1.06038E-07,0,1.05828E-07,2.12017E-07,3.17994E-07
4657.5,-66.6623082,-33.32891531,0,33.31708619,66.64368627,99.95810289,2.22013E-07,1.10999E-07,0,1.10959E-07,2.21951E-07,3.32901E-07
4665,-66.66378371,-33.33039328,0,33.34665893,66.65111273,99.97149238,2.31967E-07,1.15978E-07,0,1.16035E-07,2.31923E-07,3.47866E-07
4672.5,-66.6652001,-33.33181191,0,33.26382168,66.65823933,99.98434022,2.41721E-07,1.20857E-07,0,1.20611E-07,2.41695E-07,3.62532E-07
4680,-66.66656667,-33.3331805,0,33.409072,66.66511234,99.99672959,2.51057E-07,1.25528E-07,0,1.25814E-07,2.51052E-07,3.76574E-07
4687.5,-66.66789207,-33.33450776,0,33.23527504,66.67177647,100.0087416,2.60196E-07,1.301E-07,0,1.29713E-07,2.60211E-07,3.90321E-07
4695,-66.66918129,-33.33579874,0,33.29922588,66.67825765,100.0204234,2.69279E-07,1.34644E-07,0,1.34497E-07,2.69316E-07,4.03986E-07
4702.5,-66.67044301,-33.33706208,0,33.36556229,66.68459841,100.0318512,2.77949E-07,1.38982E-07,0,1.39101E-07,2.78008E-07,4.17032E-07
4710,-66.67169228,-33.33831274,0,33.33749279,66.69087264,100.0431573,2.85613E-07,1.42817E-07,0,1.42813E-07,2.85695E-07,4.28572E-07
4717.5,-66.67293672,-33.33955841,0,33.39761902,66.69711924,100.054412,2.92287E-07,1.46157E-07,0,1.46411E-07,2.92393E-07,4.38627E-07
4725,-66.67417234,-33.34079516,0,33.32367106,66.70331996,100.0655834,2.98455E-07,1.49244E-07,0,1.49168E-07,2.98586E-07,4.47926E-07
4732.5,-66.6754098,-33.34203365,0,33.41649044,66.7095277,100.0767665,3.0385E-07,1.51945E-07,0,1.52284E-07,3.04006E-07,4.56066E-07
4740,-66.67666777,-33.34329249,0,33.35834048,66.71583487,100.0881272,3.07988E-07,1.54017E-07,0,1.54087E-07,3.08169E-07,4.6232E-07
4747.5,-66.67794103,-33.34456653,0,33.33434825,66.72221663,100.0996212,3.1125E-07,1.55651E-07,0,1.55604E-07,3.11457E-07,4.67261E-07
4755,-66.6792457,-33.34587185,0,33.3054033,66.72875305,100.1113926,3.13325E-07,1.56692E-07,0,1.56502E-07,3.13557E-07,4.70422E-07
4762.5,-66.68061835,-33.34724497,0,33.41848953,66.73562554,100.1237672,3.13465E-07,1.56765E-07,0,1.571E-07,3.13724E-07,4.70682E-07
4770,-66.68205941,-33.34868634,0,33.37234946,66.742837,100.1367506,3.11981E-07,1.56026E-07,0,1.56137E-07,3.12265E-07,4.68503E-07
4777.5,-66.68356082,-33.35018796,0,33.31344149,66.75034825,100.1502727,3.09325E-07,1.54701E-07,0,1.54531E-07,3.09634E-07,4.64566E-07
4785,-66.68512758,-33.35175485,0,33.36012692,66.75818451,100.164379,3.05623E-07,1.52854E-07,0,1.52892E-07,3.05958E-07,4.59061E-07
4792.5,-66.68678442,-33.3534117,0,33.43105497,66.7664689,100.179291,3.0067E-07,1.5038E-07,0,1.5073E-07,3.0103E-07,4.51678E-07
4800,-66.68856677,-33.35519391,0,33.46593838,66.77537781,100.1953257,2.94204E-07,1.4715E-07,0,1.47639E-07,2.94587E-07,4.42023E-07
4807.5,-66.69050449,-33.35713132,0,33.29184721,66.78506012,100.212751,2.86191E-07,1.43147E-07,0,1.42866E-07,2.86597E-07,4.30047E-07
4815,-66.69261468,-33.35924102,0,33.35635378,66.7956014,100.231721,2.7686E-07,1.38484E-07,0,1.38472E-07,2.77287E-07,4.1609E-07
4822.5,-66.69494,-33.36156567,0,33.29255662,66.80721448,100.2526184,2.66194E-07,1.33153E-07,0,1.32878E-07,2.66642E-07,4.0013E-07
4830,-66.69751017,-33.36413496,0,33.38139753,66.82004775,100.2757104,2.54426E-07,1.27272E-07,0,1.27338E-07,2.54893E-07,3.82514E-07
4837.5,-66.70034082,-33.36696455,0,33.43588801,66.83417977,100.3011384,2.41936E-07,1.21029E-07,0,1.21279E-07,2.42422E-07,3.63813E-07
4845,-66.7035246,-33.370147,0,33.32614646,66.85007215,100.3297328,2.28539E-07,1.14332E-07,0,1.14182E-07,2.29041E-07,3.43748E-07
4852.5,-66.70716425,-33.373785,0,33.5244201,66.86823724,100.3624151,2.14223E-07,1.07176E-07,0,1.0766E-07,2.1474E-07,3.22304E-07
4860,-66.71134955,-33.37796826,0,33.3922434,66.88912301,100.3999911,1.99245E-07,9.96893E-08,0,9.9732E-08,1.99776E-07,2.99863E-07
4867.5,-66.7161711,-33.38278736,0,33.47430093,66.91318186,100.4432751,1.83942E-07,9.20392E-08,0,9.22915E-08,1.84485E-07,2.76931E-07
4875,-66.72185922,-33.38847246,0,33.5885548,66.94156211,100.4943324,1.68217E-07,8.41782E-08,0,8.46826E-08,1.68771E-07,2.53364E-07
4882.5,-66.7287049,-33.39531437,0,33.3406528,66.97571509,100.5557739,1.52133E-07,7.61371E-08,0,7.60125E-08,1.52696E-07,2.29255E-07
4890,-66.737022,-33.40362677,0,33.47601136,67.01720667,100.6304165,1.35998E-07,6.80706E-08,0,6.82181E-08,1.36569E-07,2.05067E-07
4897.5,-66.74717343,-33.41377239,0,33.27700826,67.06784782,100.7215184,1.20196E-07,6.01702E-08,0,5.99239E-08,1.20773E-07,1.81375E-07
4905,-66.75982547,-33.42641714,0,33.49857975,67.13096222,100.8350588,1.04817E-07,5.24813E-08,0,5.25946E-08,1.05399E-07,1.58317E-07
4912.5,-66.77634558,-33.4429276,0,33.4794343,67.21336996,100.9833061,8.96492E-08,4.48981E-08,0,4.49471E-08,9.02359E-08,1.35573E-07
4920,-66.79867934,-33.46524821,0,33.49223013,67.32477605,101.183719,7.48589E-08,3.75033E-08,0,3.75336E-08,7.54485E-08,1.13393E-07
4927.5,-66.83034497,-33.49689512,0,33.26347371,67.48273003,101.467868,6.058E-08,3.03641E-08,0,3.01525E-08,6.11714E-08,9.19781E-08
4935,-66.87944558,-33.54596654,0,34.0787372,67.72764973,101.9084613,4.66884E-08,2.34183E-08,0,2.37903E-08,4.72805E-08,7.1142E-08
4942.5,-66.96847848,-33.63494615,0,33.8583307,68.17174931,102.707362,3.29393E-08,1.65438E-08,0,1.66537E-08,3.35312E-08,5.0518E-08
4950,-67.17287952,-33.83922453,0,34.23656051,69.19130329,104.5414576,1.9656E-08,9.90196E-09,0,1.00182E-08,2.02466E-08,3.05907E-08
4957.5,-68.09832017,-34.76410942,0,36.57405793,73.80740077,112.8454424,7.02055E-09,3.58398E-09,0,3.77058E-09,7.60912E-09,1.16337E-08
4965,-64.87355379,-31.54128112,0,29.91943179,57.72229807,83.90966153,5.31294E-09,2.58313E-09,0,2.45031E-09,4.72728E-09,6.87194E-09
4972.5,-66.12255301,-32.78953053,0,32.18812505,63.95231034,95.11695024,1.77276E-08,8.79096E-09,0,8.62972E-09,1.71458E-08,2.55011E-08
4980,-66.34917032,-33.01601229,0,32.72069759,65.08268812,97.15041297,3.02349E-08,1.50452E-08,0,1.49106E-08,2.96578E-08,4.42708E-08
4987.5,-66.44335525,-33.11014116,0,33.41938617,65.55249257,97.99555757,4.26291E-08,2.1243E-08,0,2.14414E-08,4.20576E-08,6.28726E-08
4995,-66.49599817,-33.16275303,0,33.02160488,65.81508675,98.4679483,5.51877E-08,2.75231E-08,0,2.7406E-08,5.46226E-08,8.17225E-08
5002.5,-66.53015118,-33.19688617,0,32.82066407,65.98545467,98.77443211,6.81227E-08,3.39915E-08,0,3.36063E-08,6.7565E-08,1.01139E-07
5010,-66.55371998,-33.22044144,0,33.2018861,66.10302831,98.98594314,8.11424E-08,4.05024E-08,0,4.04798E-08,8.05929E-08,1.20684E-07